"HITId","HITTypeId","Title","Description","Keywords","Reward","CreationTime","MaxAssignments","RequesterAnnotation","AssignmentDurationInSeconds","AutoApprovalDelayInSeconds","Expiration","NumberOfSimilarHITs","LifetimeInSeconds","AssignmentId","WorkerId","AssignmentStatus","AcceptTime","SubmitTime","AutoApprovalTime","ApprovalTime","RejectionTime","RequesterFeedback","WorkTimeInSeconds","LifetimeApprovalRate","Last30DaysApprovalRate","Last7DaysApprovalRate","num_apples","Input.utterance","Answer.choice-1.camping","Answer.choice-1.mall","Answer.choice-1.movies","Answer.choice-1.park","answerno","answeryes","Answer.choice-3.1","Answer.choice-3.2","Answer.choice-3.3","Answer.choice-3.4","Answer.choice-3.5","Answer.choice-3.6","Answer.choice-3.7","Answer.comment-1","Approve","Reject"
"3IV1AEQ4DRDXNDO7UQC67UFHNPQ8JA","3CZ46AGKHNOAZ4QRXWKA5NQOMXYMO3","Linguistic judgments about sarcasm","Answer questions about an interaction between two people","language,irony,sarcasm,scientific study,figurative language","$0.05","Tue Jul 16 10:13:02 PDT 2019","20","BatchId:3706534;OriginalHitTemplateId:928390828;","600","7200","Fri Jul 19 10:13:02 PDT 2019","","","308Q0PEVB8D4TRL5722LK9RHKCW9I2","AKTPX8XVONC0D","Approved","Tue Jul 16 12:31:37 PDT 2019","Tue Jul 16 12:31:54 PDT 2019","Tue Jul 16 14:31:54 PDT 2019","Tue Jul 16 14:32:29 PDT 2019","","","17","100% (4/4)","100% (4/4)","100% (4/4)","2","""I think you need more apples.""","true","false","false","false","true","false","false","false","false","false","false","true","false",""
"3IV1AEQ4DRDXNDO7UQC67UFHNPQ8JA","3CZ46AGKHNOAZ4QRXWKA5NQOMXYMO3","Linguistic judgments about sarcasm","Answer questions about an interaction between two people","language,irony,sarcasm,scientific study,figurative language","$0.05","Tue Jul 16 10:13:02 PDT 2019","20","BatchId:3706534;OriginalHitTemplateId:928390828;","600","7200","Fri Jul 19 10:13:02 PDT 2019","","","34FNN24DCM97I4YY8UB7UHG3OZ55Y7","A3M3VYUAE03CWA","Approved","Tue Jul 16 11:54:32 PDT 2019","Tue Jul 16 11:56:25 PDT 2019","Tue Jul 16 13:56:25 PDT 2019","Tue Jul 16 13:56:30 PDT 2019","","","113","100% (6/6)","100% (6/6)","100% (6/6)","2","""I think you need more apples.""","true","false","false","false","true","false","false","false","false","false","false","true","false",""
"3IV1AEQ4DRDXNDO7UQC67UFHNPQ8JA","3CZ46AGKHNOAZ4QRXWKA5NQOMXYMO3","Linguistic judgments about sarcasm","Answer questions about an interaction between two people","language,irony,sarcasm,scientific study,figurative language","$0.05","Tue Jul 16 10:13:02 PDT 2019","20","BatchId:3706534;OriginalHitTemplateId:928390828;","600","7200","Fri Jul 19 10:13:02 PDT 2019","","","369J354OFDA3FHDCJ7Z6FNNZFY76G7","A1OML7O65N02L3","Approved","Tue Jul 16 15:02:33 PDT 2019","Tue Jul 16 15:03:17 PDT 2019","Tue Jul 16 17:03:17 PDT 2019","Tue Jul 16 17:03:30 PDT 2019","","","44","100% (1/1)","100% (1/1)","100% (1/1)","2","""I think you need more apples.""","true","false","false","false","true","false","false","false","false","false","false","true","false",""
"3IV1AEQ4DRDXNDO7UQC67UFHNPQ8JA","3CZ46AGKHNOAZ4QRXWKA5NQOMXYMO3","Linguistic judgments about sarcasm","Answer questions about an interaction between two people","language,irony,sarcasm,scientific study,figurative language","$0.05","Tue Jul 16 10:13:02 PDT 2019","20","BatchId:3706534;OriginalHitTemplateId:928390828;","600","7200","Fri Jul 19 10:13:02 PDT 2019","","","3CTOC39K37QWAJHIANP1IEFB21I7JL","AB7FCO8X423HV","Approved","Tue Jul 16 11:24:44 PDT 2019","Tue Jul 16 11:25:01 PDT 2019","Tue Jul 16 13:25:01 PDT 2019","Tue Jul 16 13:25:30 PDT 2019","","","17","100% (6/6)","100% (6/6)","100% (6/6)","2","""I think you need more apples.""","true","false","false","false","true","false","true","false","false","false","false","false","false",""
"3IV1AEQ4DRDXNDO7UQC67UFHNPQ8JA","3CZ46AGKHNOAZ4QRXWKA5NQOMXYMO3","Linguistic judgments about sarcasm","Answer questions about an interaction between two people","language,irony,sarcasm,scientific study,figurative language","$0.05","Tue Jul 16 10:13:02 PDT 2019","20","BatchId:3706534;OriginalHitTemplateId:928390828;","600","7200","Fri Jul 19 10:13:02 PDT 2019","","","3DL65MZB8DFUBKQMN3ML1KUXY4HCE2","A1TKLF1NJOEN3C","Approved","Tue Jul 16 11:31:13 PDT 2019","Tue Jul 16 11:31:32 PDT 2019","Tue Jul 16 13:31:32 PDT 2019","Tue Jul 16 13:32:29 PDT 2019","","","19","100% (6/6)","100% (6/6)","100% (6/6)","2","""I think you need more apples.""","true","false","false","false","true","false","false","false","true","false","false","false","false",""
"3IV1AEQ4DRDXNDO7UQC67UFHNPQ8JA","3CZ46AGKHNOAZ4QRXWKA5NQOMXYMO3","Linguistic judgments about sarcasm","Answer questions about an interaction between two people","language,irony,sarcasm,scientific study,figurative language","$0.05","Tue Jul 16 10:13:02 PDT 2019","20","BatchId:3706534;OriginalHitTemplateId:928390828;","600","7200","Fri Jul 19 10:13:02 PDT 2019","","","3DR23U6WE5EBX1SX9PHBQUU1MQSETY","AA0FF7MPGLUL","Approved","Tue Jul 16 12:37:35 PDT 2019","Tue Jul 16 12:37:49 PDT 2019","Tue Jul 16 14:37:49 PDT 2019","Tue Jul 16 14:38:29 PDT 2019","","","14","100% (6/6)","100% (6/6)","100% (6/6)","2","""I think you need more apples.""","true","false","false","false","true","false","false","false","false","false","true","false","false",""
"3IV1AEQ4DRDXNDO7UQC67UFHNPQ8JA","3CZ46AGKHNOAZ4QRXWKA5NQOMXYMO3","Linguistic judgments about sarcasm","Answer questions about an interaction between two people","language,irony,sarcasm,scientific study,figurative language","$0.05","Tue Jul 16 10:13:02 PDT 2019","20","BatchId:3706534;OriginalHitTemplateId:928390828;","600","7200","Fri Jul 19 10:13:02 PDT 2019","","","3EQHHY4HQSS7WDDYEOP1NH9ZJ2ZG52","A32IH90XD0CKFF","Approved","Tue Jul 16 11:05:21 PDT 2019","Tue Jul 16 11:05:37 PDT 2019","Tue Jul 16 13:05:37 PDT 2019","Tue Jul 16 13:06:29 PDT 2019","","","16","100% (6/6)","100% (6/6)","100% (6/6)","2","""I think you need more apples.""","true","false","false","false","true","false","false","false","false","false","false","false","true",""
"3IV1AEQ4DRDXNDO7UQC67UFHNPQ8JA","3CZ46AGKHNOAZ4QRXWKA5NQOMXYMO3","Linguistic judgments about sarcasm","Answer questions about an interaction between two people","language,irony,sarcasm,scientific study,figurative language","$0.05","Tue Jul 16 10:13:02 PDT 2019","20","BatchId:3706534;OriginalHitTemplateId:928390828;","600","7200","Fri Jul 19 10:13:02 PDT 2019","","","3IO1LGZLK9XOM27U09NINA61RF4863","A2EJOI2VIRMIR","Approved","Tue Jul 16 11:23:47 PDT 2019","Tue Jul 16 11:24:53 PDT 2019","Tue Jul 16 13:24:53 PDT 2019","Tue Jul 16 13:25:29 PDT 2019","","","66","100% (6/6)","100% (6/6)","100% (6/6)","2","""I think you need more apples.""","true","false","false","false","true","false","false","false","false","false","false","false","true",""
"3IV1AEQ4DRDXNDO7UQC67UFHNPQ8JA","3CZ46AGKHNOAZ4QRXWKA5NQOMXYMO3","Linguistic judgments about sarcasm","Answer questions about an interaction between two people","language,irony,sarcasm,scientific study,figurative language","$0.05","Tue Jul 16 10:13:02 PDT 2019","20","BatchId:3706534;OriginalHitTemplateId:928390828;","600","7200","Fri Jul 19 10:13:02 PDT 2019","","","3J2UYBXQQLC64D2R55A3UV0J8HM608","A3SR623DI0TH4","Approved","Tue Jul 16 16:06:49 PDT 2019","Tue Jul 16 16:07:21 PDT 2019","Tue Jul 16 18:07:21 PDT 2019","Tue Jul 16 18:07:32 PDT 2019","","","32","100% (1/1)","100% (1/1)","100% (1/1)","2","""I think you need more apples.""","true","false","false","false","true","false","false","true","false","false","false","false","false",""
"3IV1AEQ4DRDXNDO7UQC67UFHNPQ8JA","3CZ46AGKHNOAZ4QRXWKA5NQOMXYMO3","Linguistic judgments about sarcasm","Answer questions about an interaction between two people","language,irony,sarcasm,scientific study,figurative language","$0.05","Tue Jul 16 10:13:02 PDT 2019","20","BatchId:3706534;OriginalHitTemplateId:928390828;","600","7200","Fri Jul 19 10:13:02 PDT 2019","","","3K5TEWLKGVB2QYY8A37HCRGEB3EVI1","A1RFZDD1LMS3IQ","Approved","Tue Jul 16 10:13:49 PDT 2019","Tue Jul 16 10:14:42 PDT 2019","Tue Jul 16 12:14:42 PDT 2019","Tue Jul 16 12:15:29 PDT 2019","","","53","100% (6/6)","100% (6/6)","100% (6/6)","2","""I think you need more apples.""","true","false","false","false","true","false","false","true","false","false","false","false","false",""
"3IV1AEQ4DRDXNDO7UQC67UFHNPQ8JA","3CZ46AGKHNOAZ4QRXWKA5NQOMXYMO3","Linguistic judgments about sarcasm","Answer questions about an interaction between two people","language,irony,sarcasm,scientific study,figurative language","$0.05","Tue Jul 16 10:13:02 PDT 2019","20","BatchId:3706534;OriginalHitTemplateId:928390828;","600","7200","Fri Jul 19 10:13:02 PDT 2019","","","3KIBXJ1WD5UY69FZ9U6FUF1J7FCOKB","A11SDQ8ZAJ8D24","Approved","Tue Jul 16 13:21:25 PDT 2019","Tue Jul 16 13:22:08 PDT 2019","Tue Jul 16 15:22:08 PDT 2019","Tue Jul 16 15:22:30 PDT 2019","","","43","100% (1/1)","100% (1/1)","100% (1/1)","2","""I think you need more apples.""","true","false","false","false","true","false","false","true","false","false","false","false","false",""
"3IV1AEQ4DRDXNDO7UQC67UFHNPQ8JA","3CZ46AGKHNOAZ4QRXWKA5NQOMXYMO3","Linguistic judgments about sarcasm","Answer questions about an interaction between two people","language,irony,sarcasm,scientific study,figurative language","$0.05","Tue Jul 16 10:13:02 PDT 2019","20","BatchId:3706534;OriginalHitTemplateId:928390828;","600","7200","Fri Jul 19 10:13:02 PDT 2019","","","3KJYX6QCM9BYL9IESLSHOSVEOIDJVB","A2JLM0AG2F35W2","Approved","Tue Jul 16 10:47:07 PDT 2019","Tue Jul 16 10:47:30 PDT 2019","Tue Jul 16 12:47:30 PDT 2019","Tue Jul 16 12:48:29 PDT 2019","","","23","100% (6/6)","100% (6/6)","100% (6/6)","2","""I think you need more apples.""","true","false","false","false","true","false","false","false","false","false","false","false","true",""
"3IV1AEQ4DRDXNDO7UQC67UFHNPQ8JA","3CZ46AGKHNOAZ4QRXWKA5NQOMXYMO3","Linguistic judgments about sarcasm","Answer questions about an interaction between two people","language,irony,sarcasm,scientific study,figurative language","$0.05","Tue Jul 16 10:13:02 PDT 2019","20","BatchId:3706534;OriginalHitTemplateId:928390828;","600","7200","Fri Jul 19 10:13:02 PDT 2019","","","3MTMREQS4VI0Z5FFOPK0HVB954HAWS","A2VJY7PH322B4R","Approved","Tue Jul 16 10:28:14 PDT 2019","Tue Jul 16 10:29:39 PDT 2019","Tue Jul 16 12:29:39 PDT 2019","Tue Jul 16 10:45:23 PDT 2019","","","85","100% (1/1)","100% (1/1)","100% (1/1)","2","""I think you need more apples.""","true","false","false","false","true","false","false","false","false","false","false","true","false","2 apples isn't a lot of apples, so it wouldn't make since to make that remark in sarcasm."
"3IV1AEQ4DRDXNDO7UQC67UFHNPQ8JA","3CZ46AGKHNOAZ4QRXWKA5NQOMXYMO3","Linguistic judgments about sarcasm","Answer questions about an interaction between two people","language,irony,sarcasm,scientific study,figurative language","$0.05","Tue Jul 16 10:13:02 PDT 2019","20","BatchId:3706534;OriginalHitTemplateId:928390828;","600","7200","Fri Jul 19 10:13:02 PDT 2019","","","3NL0RFNU0FNU2G5HQAR6GHVEQO6K4R","AOE3TCI701478","Approved","Tue Jul 16 12:31:05 PDT 2019","Tue Jul 16 12:31:48 PDT 2019","Tue Jul 16 14:31:48 PDT 2019","Tue Jul 16 14:32:29 PDT 2019","","","43","100% (1/1)","100% (1/1)","100% (1/1)","2","""I think you need more apples.""","true","false","false","false","true","false","false","false","false","false","false","true","false",""
"3IV1AEQ4DRDXNDO7UQC67UFHNPQ8JA","3CZ46AGKHNOAZ4QRXWKA5NQOMXYMO3","Linguistic judgments about sarcasm","Answer questions about an interaction between two people","language,irony,sarcasm,scientific study,figurative language","$0.05","Tue Jul 16 10:13:02 PDT 2019","20","BatchId:3706534;OriginalHitTemplateId:928390828;","600","7200","Fri Jul 19 10:13:02 PDT 2019","","","3QRYMNZ7FYHFR75A2OKUGHOA0I9NTC","A1TWMICXERY6BY","Approved","Tue Jul 16 16:39:40 PDT 2019","Tue Jul 16 16:39:50 PDT 2019","Tue Jul 16 18:39:50 PDT 2019","Tue Jul 16 18:40:29 PDT 2019","","","10","100% (6/6)","100% (6/6)","100% (6/6)","2","""I think you need more apples.""","true","false","false","false","true","false","false","false","false","false","false","false","true",""
"3IV1AEQ4DRDXNDO7UQC67UFHNPQ8JA","3CZ46AGKHNOAZ4QRXWKA5NQOMXYMO3","Linguistic judgments about sarcasm","Answer questions about an interaction between two people","language,irony,sarcasm,scientific study,figurative language","$0.05","Tue Jul 16 10:13:02 PDT 2019","20","BatchId:3706534;OriginalHitTemplateId:928390828;","600","7200","Fri Jul 19 10:13:02 PDT 2019","","","3TK8OJTYM1LU7KLCNYX1LOHQXHCPVA","A28BW7JJTDK8II","Approved","Tue Jul 16 10:20:09 PDT 2019","Tue Jul 16 10:21:35 PDT 2019","Tue Jul 16 12:21:35 PDT 2019","Tue Jul 16 10:45:23 PDT 2019","","","86","100% (1/1)","100% (1/1)","100% (1/1)","2","""I think you need more apples.""","true","false","false","false","true","false","false","false","false","false","false","true","false","It sounds like Mary is simply stating a fact, rather than being sarcastic."
"3IV1AEQ4DRDXNDO7UQC67UFHNPQ8JA","3CZ46AGKHNOAZ4QRXWKA5NQOMXYMO3","Linguistic judgments about sarcasm","Answer questions about an interaction between two people","language,irony,sarcasm,scientific study,figurative language","$0.05","Tue Jul 16 10:13:02 PDT 2019","20","BatchId:3706534;OriginalHitTemplateId:928390828;","600","7200","Fri Jul 19 10:13:02 PDT 2019","","","3TXWC2NHNZQTN5O1CEWZOBX4TA2S9H","A3EC6P9YZVIR6X","Approved","Tue Jul 16 13:15:10 PDT 2019","Tue Jul 16 13:15:44 PDT 2019","Tue Jul 16 15:15:44 PDT 2019","Tue Jul 16 15:16:30 PDT 2019","","","34","100% (6/6)","100% (6/6)","100% (6/6)","2","""I think you need more apples.""","true","false","false","false","true","false","false","false","false","false","false","true","false",""
"3IV1AEQ4DRDXNDO7UQC67UFHNPQ8JA","3CZ46AGKHNOAZ4QRXWKA5NQOMXYMO3","Linguistic judgments about sarcasm","Answer questions about an interaction between two people","language,irony,sarcasm,scientific study,figurative language","$0.05","Tue Jul 16 10:13:02 PDT 2019","20","BatchId:3706534;OriginalHitTemplateId:928390828;","600","7200","Fri Jul 19 10:13:02 PDT 2019","","","3Y54SXRO1LLSMXPJZPWGUCG48DOUTV","A16UN0D2DEWTI8","Approved","Tue Jul 16 10:20:04 PDT 2019","Tue Jul 16 10:20:20 PDT 2019","Tue Jul 16 12:20:20 PDT 2019","Tue Jul 16 12:20:30 PDT 2019","","","16","100% (6/6)","100% (6/6)","100% (6/6)","2","""I think you need more apples.""","true","false","false","false","true","false","false","false","false","false","false","false","true",""
"3IV1AEQ4DRDXNDO7UQC67UFHNPQ8JA","3CZ46AGKHNOAZ4QRXWKA5NQOMXYMO3","Linguistic judgments about sarcasm","Answer questions about an interaction between two people","language,irony,sarcasm,scientific study,figurative language","$0.05","Tue Jul 16 10:13:02 PDT 2019","20","BatchId:3706534;OriginalHitTemplateId:928390828;","600","7200","Fri Jul 19 10:13:02 PDT 2019","","","3ZAZR5XV01ISMFHIJQ0YMUVFM95ZC8","A1K57EJC26XFV9","Approved","Tue Jul 16 10:26:06 PDT 2019","Tue Jul 16 10:27:42 PDT 2019","Tue Jul 16 12:27:42 PDT 2019","Tue Jul 16 10:49:52 PDT 2019","","","96","100% (1/1)","100% (1/1)","100% (1/1)","2","""I think you need more apples.""","true","false","false","false","true","false","true","false","false","false","false","false","false","It is not sarcastic at all."
"3IV1AEQ4DRDXNDO7UQC67UFHNPQ8JA","3CZ46AGKHNOAZ4QRXWKA5NQOMXYMO3","Linguistic judgments about sarcasm","Answer questions about an interaction between two people","language,irony,sarcasm,scientific study,figurative language","$0.05","Tue Jul 16 10:13:02 PDT 2019","20","BatchId:3706534;OriginalHitTemplateId:928390828;","600","7200","Fri Jul 19 10:13:02 PDT 2019","","","3ZWFC4W1UU7QN0F10BWM8XEJA6EFR8","AMQAYNDEWN98A","Approved","Tue Jul 16 13:09:51 PDT 2019","Tue Jul 16 13:10:22 PDT 2019","Tue Jul 16 15:10:22 PDT 2019","Tue Jul 16 15:10:30 PDT 2019","","","31","100% (2/2)","100% (2/2)","100% (2/2)","2","""I think you need more apples.""","true","false","false","false","true","false","false","false","false","true","false","false","false",""
"335HHSX8CD5DD2P8NYK1H9D3LOJDHG","3CZ46AGKHNOAZ4QRXWKA5NQOMXYMO3","Linguistic judgments about sarcasm","Answer questions about an interaction between two people","language,irony,sarcasm,scientific study,figurative language","$0.05","Tue Jul 16 10:13:02 PDT 2019","20","BatchId:3706534;OriginalHitTemplateId:928390828;","600","7200","Fri Jul 19 10:13:02 PDT 2019","","","317HQ483I7SPITPZ8CLQ2AM1P0FINA","A16UN0D2DEWTI8","Approved","Tue Jul 16 10:20:21 PDT 2019","Tue Jul 16 10:20:37 PDT 2019","Tue Jul 16 12:20:37 PDT 2019","Tue Jul 16 12:21:29 PDT 2019","","","16","100% (6/6)","100% (6/6)","100% (6/6)","5","""I think you need more apples.""","true","false","false","false","false","true","false","false","false","true","false","false","false",""
"335HHSX8CD5DD2P8NYK1H9D3LOJDHG","3CZ46AGKHNOAZ4QRXWKA5NQOMXYMO3","Linguistic judgments about sarcasm","Answer questions about an interaction between two people","language,irony,sarcasm,scientific study,figurative language","$0.05","Tue Jul 16 10:13:02 PDT 2019","20","BatchId:3706534;OriginalHitTemplateId:928390828;","600","7200","Fri Jul 19 10:13:02 PDT 2019","","","31QNSG6A5RT7Q2LZJJSATO6XMQF87T","A2UL93BXZ4EJ6G","Approved","Tue Jul 16 15:10:50 PDT 2019","Tue Jul 16 15:11:42 PDT 2019","Tue Jul 16 17:11:42 PDT 2019","Tue Jul 16 17:12:29 PDT 2019","","","52","100% (1/1)","100% (1/1)","100% (1/1)","5","""I think you need more apples.""","true","false","false","false","true","false","false","false","true","false","false","false","false",""
"335HHSX8CD5DD2P8NYK1H9D3LOJDHG","3CZ46AGKHNOAZ4QRXWKA5NQOMXYMO3","Linguistic judgments about sarcasm","Answer questions about an interaction between two people","language,irony,sarcasm,scientific study,figurative language","$0.05","Tue Jul 16 10:13:02 PDT 2019","20","BatchId:3706534;OriginalHitTemplateId:928390828;","600","7200","Fri Jul 19 10:13:02 PDT 2019","","","32N49TQG3GINKGFAYFF4VTSVYWAAVF","AA0FF7MPGLUL","Approved","Tue Jul 16 12:34:09 PDT 2019","Tue Jul 16 12:36:54 PDT 2019","Tue Jul 16 14:36:54 PDT 2019","Tue Jul 16 14:37:29 PDT 2019","","","165","100% (6/6)","100% (6/6)","100% (6/6)","5","""I think you need more apples.""","true","false","false","false","false","true","false","false","false","false","true","false","false",""
"335HHSX8CD5DD2P8NYK1H9D3LOJDHG","3CZ46AGKHNOAZ4QRXWKA5NQOMXYMO3","Linguistic judgments about sarcasm","Answer questions about an interaction between two people","language,irony,sarcasm,scientific study,figurative language","$0.05","Tue Jul 16 10:13:02 PDT 2019","20","BatchId:3706534;OriginalHitTemplateId:928390828;","600","7200","Fri Jul 19 10:13:02 PDT 2019","","","35BLDD71I6XOLONIA7V3CMJ47H5ZVT","A1TKLF1NJOEN3C","Approved","Tue Jul 16 11:31:02 PDT 2019","Tue Jul 16 11:31:12 PDT 2019","Tue Jul 16 13:31:12 PDT 2019","Tue Jul 16 13:31:30 PDT 2019","","","10","100% (6/6)","100% (6/6)","100% (6/6)","5","""I think you need more apples.""","true","false","false","false","false","true","false","false","false","true","false","false","false",""
"335HHSX8CD5DD2P8NYK1H9D3LOJDHG","3CZ46AGKHNOAZ4QRXWKA5NQOMXYMO3","Linguistic judgments about sarcasm","Answer questions about an interaction between two people","language,irony,sarcasm,scientific study,figurative language","$0.05","Tue Jul 16 10:13:02 PDT 2019","20","BatchId:3706534;OriginalHitTemplateId:928390828;","600","7200","Fri Jul 19 10:13:02 PDT 2019","","","35L9RVQFCOI2HOYOZVFRGTDGXJRHU6","A1RFZDD1LMS3IQ","Approved","Tue Jul 16 10:16:12 PDT 2019","Tue Jul 16 10:16:30 PDT 2019","Tue Jul 16 12:16:30 PDT 2019","Tue Jul 16 12:17:29 PDT 2019","","","18","100% (6/6)","100% (6/6)","100% (6/6)","5","""I think you need more apples.""","true","false","false","false","false","true","false","false","false","true","false","false","false",""
"335HHSX8CD5DD2P8NYK1H9D3LOJDHG","3CZ46AGKHNOAZ4QRXWKA5NQOMXYMO3","Linguistic judgments about sarcasm","Answer questions about an interaction between two people","language,irony,sarcasm,scientific study,figurative language","$0.05","Tue Jul 16 10:13:02 PDT 2019","20","BatchId:3706534;OriginalHitTemplateId:928390828;","600","7200","Fri Jul 19 10:13:02 PDT 2019","","","3BDCF01OGXULKT1J0HREB6C0AP5LYB","ATX49B05MXTP6","Approved","Tue Jul 16 11:57:12 PDT 2019","Tue Jul 16 11:58:33 PDT 2019","Tue Jul 16 13:58:33 PDT 2019","Tue Jul 16 13:59:29 PDT 2019","","","81","100% (1/1)","100% (1/1)","100% (1/1)","5","""I think you need more apples.""","true","false","false","false","true","false","false","false","true","false","false","false","false",""
"335HHSX8CD5DD2P8NYK1H9D3LOJDHG","3CZ46AGKHNOAZ4QRXWKA5NQOMXYMO3","Linguistic judgments about sarcasm","Answer questions about an interaction between two people","language,irony,sarcasm,scientific study,figurative language","$0.05","Tue Jul 16 10:13:02 PDT 2019","20","BatchId:3706534;OriginalHitTemplateId:928390828;","600","7200","Fri Jul 19 10:13:02 PDT 2019","","","3BV8HQ2ZZW125Q09X77WJ1CWH33A68","A3ODDPUS1Y354R","Approved","Tue Jul 16 17:51:45 PDT 2019","Tue Jul 16 17:52:09 PDT 2019","Tue Jul 16 19:52:09 PDT 2019","Tue Jul 16 19:52:30 PDT 2019","","","24","100% (5/5)","100% (5/5)","100% (5/5)","5","""I think you need more apples.""","true","false","false","false","true","false","false","false","true","false","false","false","false",""
"335HHSX8CD5DD2P8NYK1H9D3LOJDHG","3CZ46AGKHNOAZ4QRXWKA5NQOMXYMO3","Linguistic judgments about sarcasm","Answer questions about an interaction between two people","language,irony,sarcasm,scientific study,figurative language","$0.05","Tue Jul 16 10:13:02 PDT 2019","20","BatchId:3706534;OriginalHitTemplateId:928390828;","600","7200","Fri Jul 19 10:13:02 PDT 2019","","","3COPXFW7XBCGR9R0OUJUJF69HK7PKS","A3EC6P9YZVIR6X","Approved","Tue Jul 16 13:14:06 PDT 2019","Tue Jul 16 13:14:38 PDT 2019","Tue Jul 16 15:14:38 PDT 2019","Tue Jul 16 15:15:29 PDT 2019","","","32","100% (6/6)","100% (6/6)","100% (6/6)","5","""I think you need more apples.""","true","false","false","false","true","false","false","false","false","true","false","false","false",""
"335HHSX8CD5DD2P8NYK1H9D3LOJDHG","3CZ46AGKHNOAZ4QRXWKA5NQOMXYMO3","Linguistic judgments about sarcasm","Answer questions about an interaction between two people","language,irony,sarcasm,scientific study,figurative language","$0.05","Tue Jul 16 10:13:02 PDT 2019","20","BatchId:3706534;OriginalHitTemplateId:928390828;","600","7200","Fri Jul 19 10:13:02 PDT 2019","","","3DEL4X4EL6LGKNI8E0U2M07NHX5XYX","A2EJOI2VIRMIR","Approved","Tue Jul 16 11:23:45 PDT 2019","Tue Jul 16 11:24:40 PDT 2019","Tue Jul 16 13:24:40 PDT 2019","Tue Jul 16 13:25:29 PDT 2019","","","55","100% (6/6)","100% (6/6)","100% (6/6)","5","""I think you need more apples.""","true","false","false","false","true","false","false","false","false","false","true","false","false",""
"335HHSX8CD5DD2P8NYK1H9D3LOJDHG","3CZ46AGKHNOAZ4QRXWKA5NQOMXYMO3","Linguistic judgments about sarcasm","Answer questions about an interaction between two people","language,irony,sarcasm,scientific study,figurative language","$0.05","Tue Jul 16 10:13:02 PDT 2019","20","BatchId:3706534;OriginalHitTemplateId:928390828;","600","7200","Fri Jul 19 10:13:02 PDT 2019","","","3DI28L7YXAEAOHGO76X1KOB6U711EC","AKTPX8XVONC0D","Approved","Tue Jul 16 12:30:51 PDT 2019","Tue Jul 16 12:31:26 PDT 2019","Tue Jul 16 14:31:26 PDT 2019","Tue Jul 16 14:31:29 PDT 2019","","","35","100% (4/4)","100% (4/4)","100% (4/4)","5","""I think you need more apples.""","true","false","false","false","true","false","false","false","true","false","false","false","false",""
"335HHSX8CD5DD2P8NYK1H9D3LOJDHG","3CZ46AGKHNOAZ4QRXWKA5NQOMXYMO3","Linguistic judgments about sarcasm","Answer questions about an interaction between two people","language,irony,sarcasm,scientific study,figurative language","$0.05","Tue Jul 16 10:13:02 PDT 2019","20","BatchId:3706534;OriginalHitTemplateId:928390828;","600","7200","Fri Jul 19 10:13:02 PDT 2019","","","3EICBYG644W2M0CE14XCY07P3BTJC8","AXFN6A4A54Y6I","Approved","Tue Jul 16 10:29:02 PDT 2019","Tue Jul 16 10:29:34 PDT 2019","Tue Jul 16 12:29:34 PDT 2019","Tue Jul 16 12:30:29 PDT 2019","","","32","100% (1/1)","100% (1/1)","100% (1/1)","5","""I think you need more apples.""","true","false","false","false","true","false","false","false","true","false","false","false","false",""
"335HHSX8CD5DD2P8NYK1H9D3LOJDHG","3CZ46AGKHNOAZ4QRXWKA5NQOMXYMO3","Linguistic judgments about sarcasm","Answer questions about an interaction between two people","language,irony,sarcasm,scientific study,figurative language","$0.05","Tue Jul 16 10:13:02 PDT 2019","20","BatchId:3706534;OriginalHitTemplateId:928390828;","600","7200","Fri Jul 19 10:13:02 PDT 2019","","","3GNA64GUZE4Y927CHKUDHVD1PQOQ5P","A3M3VYUAE03CWA","Approved","Tue Jul 16 11:55:27 PDT 2019","Tue Jul 16 11:57:06 PDT 2019","Tue Jul 16 13:57:06 PDT 2019","Tue Jul 16 13:57:29 PDT 2019","","","99","100% (6/6)","100% (6/6)","100% (6/6)","5","""I think you need more apples.""","true","false","false","false","true","false","false","false","false","true","false","false","false",""
"335HHSX8CD5DD2P8NYK1H9D3LOJDHG","3CZ46AGKHNOAZ4QRXWKA5NQOMXYMO3","Linguistic judgments about sarcasm","Answer questions about an interaction between two people","language,irony,sarcasm,scientific study,figurative language","$0.05","Tue Jul 16 10:13:02 PDT 2019","20","BatchId:3706534;OriginalHitTemplateId:928390828;","600","7200","Fri Jul 19 10:13:02 PDT 2019","","","3KKG4CDWKIYALKMQMD0HQ8HYFUC944","A1AIXNGLHFNJCY","Approved","Tue Jul 16 16:44:36 PDT 2019","Tue Jul 16 16:45:25 PDT 2019","Tue Jul 16 18:45:25 PDT 2019","Tue Jul 16 18:45:30 PDT 2019","","","49","100% (1/1)","100% (1/1)","100% (1/1)","5","""I think you need more apples.""","true","false","false","false","true","false","false","true","false","false","false","false","false",""
"335HHSX8CD5DD2P8NYK1H9D3LOJDHG","3CZ46AGKHNOAZ4QRXWKA5NQOMXYMO3","Linguistic judgments about sarcasm","Answer questions about an interaction between two people","language,irony,sarcasm,scientific study,figurative language","$0.05","Tue Jul 16 10:13:02 PDT 2019","20","BatchId:3706534;OriginalHitTemplateId:928390828;","600","7200","Fri Jul 19 10:13:02 PDT 2019","","","3LRKMWOKB5HFOXPGMXBSAHMTAI22ZC","A32IH90XD0CKFF","Approved","Tue Jul 16 11:03:32 PDT 2019","Tue Jul 16 11:03:58 PDT 2019","Tue Jul 16 13:03:58 PDT 2019","Tue Jul 16 13:04:29 PDT 2019","","","26","100% (6/6)","100% (6/6)","100% (6/6)","5","""I think you need more apples.""","true","false","false","false","true","false","false","false","false","false","false","true","false",""
"335HHSX8CD5DD2P8NYK1H9D3LOJDHG","3CZ46AGKHNOAZ4QRXWKA5NQOMXYMO3","Linguistic judgments about sarcasm","Answer questions about an interaction between two people","language,irony,sarcasm,scientific study,figurative language","$0.05","Tue Jul 16 10:13:02 PDT 2019","20","BatchId:3706534;OriginalHitTemplateId:928390828;","600","7200","Fri Jul 19 10:13:02 PDT 2019","","","3NGI5ARFTT5EL85EGKDCE0AA8ES1PM","A2W928N3L79HU4","Approved","Tue Jul 16 11:30:49 PDT 2019","Tue Jul 16 11:31:39 PDT 2019","Tue Jul 16 13:31:39 PDT 2019","Tue Jul 16 13:32:29 PDT 2019","","","50","100% (1/1)","100% (1/1)","100% (1/1)","5","""I think you need more apples.""","true","false","false","false","false","true","false","false","false","false","false","true","false",""
"335HHSX8CD5DD2P8NYK1H9D3LOJDHG","3CZ46AGKHNOAZ4QRXWKA5NQOMXYMO3","Linguistic judgments about sarcasm","Answer questions about an interaction between two people","language,irony,sarcasm,scientific study,figurative language","$0.05","Tue Jul 16 10:13:02 PDT 2019","20","BatchId:3706534;OriginalHitTemplateId:928390828;","600","7200","Fri Jul 19 10:13:02 PDT 2019","","","3QXNC7EIPIVTMW4P3CDFE5RLYI009J","AB7FCO8X423HV","Approved","Tue Jul 16 11:23:51 PDT 2019","Tue Jul 16 11:24:13 PDT 2019","Tue Jul 16 13:24:13 PDT 2019","Tue Jul 16 13:24:30 PDT 2019","","","22","100% (6/6)","100% (6/6)","100% (6/6)","5","""I think you need more apples.""","true","false","false","false","true","false","true","false","false","false","false","false","false",""
"335HHSX8CD5DD2P8NYK1H9D3LOJDHG","3CZ46AGKHNOAZ4QRXWKA5NQOMXYMO3","Linguistic judgments about sarcasm","Answer questions about an interaction between two people","language,irony,sarcasm,scientific study,figurative language","$0.05","Tue Jul 16 10:13:02 PDT 2019","20","BatchId:3706534;OriginalHitTemplateId:928390828;","600","7200","Fri Jul 19 10:13:02 PDT 2019","","","3RWE2M8QWHAEBY8J4MWKW6M53650N4","A2H6MIVLLVQZBL","Approved","Tue Jul 16 10:44:36 PDT 2019","Tue Jul 16 10:45:32 PDT 2019","Tue Jul 16 12:45:32 PDT 2019","Tue Jul 16 12:46:29 PDT 2019","","","56","100% (1/1)","100% (1/1)","100% (1/1)","5","""I think you need more apples.""","true","false","false","false","true","false","false","false","false","false","true","false","false",""
"335HHSX8CD5DD2P8NYK1H9D3LOJDHG","3CZ46AGKHNOAZ4QRXWKA5NQOMXYMO3","Linguistic judgments about sarcasm","Answer questions about an interaction between two people","language,irony,sarcasm,scientific study,figurative language","$0.05","Tue Jul 16 10:13:02 PDT 2019","20","BatchId:3706534;OriginalHitTemplateId:928390828;","600","7200","Fri Jul 19 10:13:02 PDT 2019","","","3SEPORI8WNZ4T0KKZC47GZ5RM6PZAB","A2JLM0AG2F35W2","Approved","Tue Jul 16 10:47:41 PDT 2019","Tue Jul 16 10:48:07 PDT 2019","Tue Jul 16 12:48:07 PDT 2019","Tue Jul 16 12:48:29 PDT 2019","","","26","100% (6/6)","100% (6/6)","100% (6/6)","5","""I think you need more apples.""","true","false","false","false","false","true","false","true","false","false","false","false","false",""
"335HHSX8CD5DD2P8NYK1H9D3LOJDHG","3CZ46AGKHNOAZ4QRXWKA5NQOMXYMO3","Linguistic judgments about sarcasm","Answer questions about an interaction between two people","language,irony,sarcasm,scientific study,figurative language","$0.05","Tue Jul 16 10:13:02 PDT 2019","20","BatchId:3706534;OriginalHitTemplateId:928390828;","600","7200","Fri Jul 19 10:13:02 PDT 2019","","","3YMTUJH0DSGT5ZV4KJ5YH8IA91ET4N","A1TWMICXERY6BY","Approved","Tue Jul 16 16:38:58 PDT 2019","Tue Jul 16 16:39:11 PDT 2019","Tue Jul 16 18:39:11 PDT 2019","Tue Jul 16 18:39:29 PDT 2019","","","13","100% (6/6)","100% (6/6)","100% (6/6)","5","""I think you need more apples.""","true","false","false","false","true","false","false","false","false","false","false","false","true",""
"335HHSX8CD5DD2P8NYK1H9D3LOJDHG","3CZ46AGKHNOAZ4QRXWKA5NQOMXYMO3","Linguistic judgments about sarcasm","Answer questions about an interaction between two people","language,irony,sarcasm,scientific study,figurative language","$0.05","Tue Jul 16 10:13:02 PDT 2019","20","BatchId:3706534;OriginalHitTemplateId:928390828;","600","7200","Fri Jul 19 10:13:02 PDT 2019","","","3YW4XOSQKQLRDDDAX6C6O6X9GVF1UD","A1D6WZBOMC63GW","Approved","Tue Jul 16 17:45:13 PDT 2019","Tue Jul 16 17:45:27 PDT 2019","Tue Jul 16 19:45:27 PDT 2019","Tue Jul 16 19:45:30 PDT 2019","","","14","100% (5/5)","100% (5/5)","100% (5/5)","5","""I think you need more apples.""","true","false","false","false","true","false","false","false","false","false","false","true","false",""
"33QQ60S6ASIOJ4UYBL35LHIAL7BU04","3CZ46AGKHNOAZ4QRXWKA5NQOMXYMO3","Linguistic judgments about sarcasm","Answer questions about an interaction between two people","language,irony,sarcasm,scientific study,figurative language","$0.05","Tue Jul 16 10:13:02 PDT 2019","20","BatchId:3706534;OriginalHitTemplateId:928390828;","600","7200","Fri Jul 19 10:13:02 PDT 2019","","","308XBLVESI40AJ3LV9AQP7NYV8SRB8","A2I8MLRNVYM48W","Approved","Tue Jul 16 14:45:25 PDT 2019","Tue Jul 16 14:47:22 PDT 2019","Tue Jul 16 16:47:22 PDT 2019","Tue Jul 16 16:47:29 PDT 2019","","","117","100% (1/1)","100% (1/1)","100% (1/1)","10","""I think you need more apples.""","true","false","false","false","false","true","false","false","false","false","false","false","true","Her statement is sarcasm because it is clear that 10 apples would be more than enough for a weekend for two people.  Unless someone was making a Pie."
"33QQ60S6ASIOJ4UYBL35LHIAL7BU04","3CZ46AGKHNOAZ4QRXWKA5NQOMXYMO3","Linguistic judgments about sarcasm","Answer questions about an interaction between two people","language,irony,sarcasm,scientific study,figurative language","$0.05","Tue Jul 16 10:13:02 PDT 2019","20","BatchId:3706534;OriginalHitTemplateId:928390828;","600","7200","Fri Jul 19 10:13:02 PDT 2019","","","32M8BPYGATMJ818DL88VCQD4OOSGIZ","A16UN0D2DEWTI8","Approved","Tue Jul 16 10:18:49 PDT 2019","Tue Jul 16 10:19:35 PDT 2019","Tue Jul 16 12:19:35 PDT 2019","Tue Jul 16 10:44:59 PDT 2019","","","46","100% (6/6)","100% (6/6)","100% (6/6)","10","""I think you need more apples.""","true","false","false","false","false","true","false","false","false","false","false","true","false","With the current information of two people that seems like a lot of apples."
"33QQ60S6ASIOJ4UYBL35LHIAL7BU04","3CZ46AGKHNOAZ4QRXWKA5NQOMXYMO3","Linguistic judgments about sarcasm","Answer questions about an interaction between two people","language,irony,sarcasm,scientific study,figurative language","$0.05","Tue Jul 16 10:13:02 PDT 2019","20","BatchId:3706534;OriginalHitTemplateId:928390828;","600","7200","Fri Jul 19 10:13:02 PDT 2019","","","33M4IA01QG17NM6M0528E4EQEBPXRW","A1D6WZBOMC63GW","Approved","Tue Jul 16 17:45:48 PDT 2019","Tue Jul 16 17:46:10 PDT 2019","Tue Jul 16 19:46:10 PDT 2019","Tue Jul 16 19:46:29 PDT 2019","","","22","100% (5/5)","100% (5/5)","100% (5/5)","10","""I think you need more apples.""","true","false","false","false","false","true","false","false","true","false","false","false","false",""
"33QQ60S6ASIOJ4UYBL35LHIAL7BU04","3CZ46AGKHNOAZ4QRXWKA5NQOMXYMO3","Linguistic judgments about sarcasm","Answer questions about an interaction between two people","language,irony,sarcasm,scientific study,figurative language","$0.05","Tue Jul 16 10:13:02 PDT 2019","20","BatchId:3706534;OriginalHitTemplateId:928390828;","600","7200","Fri Jul 19 10:13:02 PDT 2019","","","340UGXU9DY17ZPT84KWVVU4P5YMUVT","A2EJOI2VIRMIR","Approved","Tue Jul 16 11:23:43 PDT 2019","Tue Jul 16 11:24:26 PDT 2019","Tue Jul 16 13:24:26 PDT 2019","Tue Jul 16 13:24:30 PDT 2019","","","43","100% (6/6)","100% (6/6)","100% (6/6)","10","""I think you need more apples.""","true","false","false","false","false","true","false","false","false","true","false","false","false",""
"33QQ60S6ASIOJ4UYBL35LHIAL7BU04","3CZ46AGKHNOAZ4QRXWKA5NQOMXYMO3","Linguistic judgments about sarcasm","Answer questions about an interaction between two people","language,irony,sarcasm,scientific study,figurative language","$0.05","Tue Jul 16 10:13:02 PDT 2019","20","BatchId:3706534;OriginalHitTemplateId:928390828;","600","7200","Fri Jul 19 10:13:02 PDT 2019","","","34QN5IT0TZRT8RLFYK71E9WAEBB80T","A32IH90XD0CKFF","Approved","Tue Jul 16 11:04:39 PDT 2019","Tue Jul 16 11:05:11 PDT 2019","Tue Jul 16 13:05:11 PDT 2019","Tue Jul 16 13:05:29 PDT 2019","","","32","100% (6/6)","100% (6/6)","100% (6/6)","10","""I think you need more apples.""","true","false","false","false","true","false","false","true","false","false","false","false","false",""
"33QQ60S6ASIOJ4UYBL35LHIAL7BU04","3CZ46AGKHNOAZ4QRXWKA5NQOMXYMO3","Linguistic judgments about sarcasm","Answer questions about an interaction between two people","language,irony,sarcasm,scientific study,figurative language","$0.05","Tue Jul 16 10:13:02 PDT 2019","20","BatchId:3706534;OriginalHitTemplateId:928390828;","600","7200","Fri Jul 19 10:13:02 PDT 2019","","","35GMH2SV3EHVK9NPD8VCWKOENIBEOC","AA0FF7MPGLUL","Approved","Tue Jul 16 12:37:16 PDT 2019","Tue Jul 16 12:37:35 PDT 2019","Tue Jul 16 14:37:35 PDT 2019","Tue Jul 16 14:38:29 PDT 2019","","","19","100% (6/6)","100% (6/6)","100% (6/6)","10","""I think you need more apples.""","true","false","false","false","true","false","true","false","false","false","false","false","false",""
"33QQ60S6ASIOJ4UYBL35LHIAL7BU04","3CZ46AGKHNOAZ4QRXWKA5NQOMXYMO3","Linguistic judgments about sarcasm","Answer questions about an interaction between two people","language,irony,sarcasm,scientific study,figurative language","$0.05","Tue Jul 16 10:13:02 PDT 2019","20","BatchId:3706534;OriginalHitTemplateId:928390828;","600","7200","Fri Jul 19 10:13:02 PDT 2019","","","37UQDCYH6XV51EHCRC3KL2Q5XO4V79","A186MBH9JN8ED9","Approved","Tue Jul 16 12:39:59 PDT 2019","Tue Jul 16 12:40:17 PDT 2019","Tue Jul 16 14:40:17 PDT 2019","Tue Jul 16 14:40:29 PDT 2019","","","18","100% (1/1)","100% (1/1)","100% (1/1)","10","""I think you need more apples.""","true","false","false","false","false","true","false","false","false","false","false","true","false",""
"33QQ60S6ASIOJ4UYBL35LHIAL7BU04","3CZ46AGKHNOAZ4QRXWKA5NQOMXYMO3","Linguistic judgments about sarcasm","Answer questions about an interaction between two people","language,irony,sarcasm,scientific study,figurative language","$0.05","Tue Jul 16 10:13:02 PDT 2019","20","BatchId:3706534;OriginalHitTemplateId:928390828;","600","7200","Fri Jul 19 10:13:02 PDT 2019","","","39N5ACM9HENWAD89KXS5T6ST6P19PM","A2JLM0AG2F35W2","Approved","Tue Jul 16 10:48:22 PDT 2019","Tue Jul 16 10:48:41 PDT 2019","Tue Jul 16 12:48:41 PDT 2019","Tue Jul 16 12:49:29 PDT 2019","","","19","100% (6/6)","100% (6/6)","100% (6/6)","10","""I think you need more apples.""","true","false","false","false","false","true","false","false","false","false","true","false","false",""
"33QQ60S6ASIOJ4UYBL35LHIAL7BU04","3CZ46AGKHNOAZ4QRXWKA5NQOMXYMO3","Linguistic judgments about sarcasm","Answer questions about an interaction between two people","language,irony,sarcasm,scientific study,figurative language","$0.05","Tue Jul 16 10:13:02 PDT 2019","20","BatchId:3706534;OriginalHitTemplateId:928390828;","600","7200","Fri Jul 19 10:13:02 PDT 2019","","","3A1COHJ8NJV4JRRBWSEMK1VR0TJH8C","A397J2CV0YIDT3","Approved","Tue Jul 16 18:11:22 PDT 2019","Tue Jul 16 18:11:51 PDT 2019","Tue Jul 16 20:11:51 PDT 2019","Tue Jul 16 20:12:29 PDT 2019","","","29","100% (3/3)","100% (3/3)","100% (3/3)","10","""I think you need more apples.""","true","false","false","false","false","true","false","false","false","false","true","false","false",""
"33QQ60S6ASIOJ4UYBL35LHIAL7BU04","3CZ46AGKHNOAZ4QRXWKA5NQOMXYMO3","Linguistic judgments about sarcasm","Answer questions about an interaction between two people","language,irony,sarcasm,scientific study,figurative language","$0.05","Tue Jul 16 10:13:02 PDT 2019","20","BatchId:3706534;OriginalHitTemplateId:928390828;","600","7200","Fri Jul 19 10:13:02 PDT 2019","","","3AAPLD8UCCHNHBJZZQPHBXREE5OTHV","A39EZ7V9T25RZO","Approved","Tue Jul 16 10:25:17 PDT 2019","Tue Jul 16 10:25:37 PDT 2019","Tue Jul 16 12:25:37 PDT 2019","Tue Jul 16 12:26:29 PDT 2019","","","20","100% (1/1)","100% (1/1)","100% (1/1)","10","""I think you need more apples.""","true","false","false","false","false","true","false","false","false","false","true","false","false",""
"33QQ60S6ASIOJ4UYBL35LHIAL7BU04","3CZ46AGKHNOAZ4QRXWKA5NQOMXYMO3","Linguistic judgments about sarcasm","Answer questions about an interaction between two people","language,irony,sarcasm,scientific study,figurative language","$0.05","Tue Jul 16 10:13:02 PDT 2019","20","BatchId:3706534;OriginalHitTemplateId:928390828;","600","7200","Fri Jul 19 10:13:02 PDT 2019","","","3C6FJU71TQTO3JOD9VJF2T8JNGJYU3","AN414G2TCBJVO","Approved","Tue Jul 16 16:24:36 PDT 2019","Tue Jul 16 16:29:33 PDT 2019","Tue Jul 16 18:29:33 PDT 2019","Tue Jul 16 18:30:29 PDT 2019","","","297","100% (1/1)","100% (1/1)","100% (1/1)","10","""I think you need more apples.""","true","false","false","false","false","true","false","false","false","false","false","false","true","Most people only eat 1-2 apples a day. 10 apples seem like a lot for a weekend trip between two people. Mary is probably looking for variety of snacks"
"33QQ60S6ASIOJ4UYBL35LHIAL7BU04","3CZ46AGKHNOAZ4QRXWKA5NQOMXYMO3","Linguistic judgments about sarcasm","Answer questions about an interaction between two people","language,irony,sarcasm,scientific study,figurative language","$0.05","Tue Jul 16 10:13:02 PDT 2019","20","BatchId:3706534;OriginalHitTemplateId:928390828;","600","7200","Fri Jul 19 10:13:02 PDT 2019","","","3FTOP5WARFOIS8HYPO4S3Z5OUNB0JD","A3ODDPUS1Y354R","Approved","Tue Jul 16 17:52:10 PDT 2019","Tue Jul 16 17:52:24 PDT 2019","Tue Jul 16 19:52:24 PDT 2019","Tue Jul 16 19:52:30 PDT 2019","","","14","100% (5/5)","100% (5/5)","100% (5/5)","10","""I think you need more apples.""","true","false","false","false","false","true","false","false","false","false","true","false","false",""
"33QQ60S6ASIOJ4UYBL35LHIAL7BU04","3CZ46AGKHNOAZ4QRXWKA5NQOMXYMO3","Linguistic judgments about sarcasm","Answer questions about an interaction between two people","language,irony,sarcasm,scientific study,figurative language","$0.05","Tue Jul 16 10:13:02 PDT 2019","20","BatchId:3706534;OriginalHitTemplateId:928390828;","600","7200","Fri Jul 19 10:13:02 PDT 2019","","","3GA6AFUKOOOIIUL5KBJQTKNGK67H3Y","A1RFZDD1LMS3IQ","Approved","Tue Jul 16 10:15:14 PDT 2019","Tue Jul 16 10:15:26 PDT 2019","Tue Jul 16 12:15:26 PDT 2019","Tue Jul 16 12:15:30 PDT 2019","","","12","100% (6/6)","100% (6/6)","100% (6/6)","10","""I think you need more apples.""","true","false","false","false","false","true","false","false","false","false","true","false","false",""
"33QQ60S6ASIOJ4UYBL35LHIAL7BU04","3CZ46AGKHNOAZ4QRXWKA5NQOMXYMO3","Linguistic judgments about sarcasm","Answer questions about an interaction between two people","language,irony,sarcasm,scientific study,figurative language","$0.05","Tue Jul 16 10:13:02 PDT 2019","20","BatchId:3706534;OriginalHitTemplateId:928390828;","600","7200","Fri Jul 19 10:13:02 PDT 2019","","","3LJ7UR74RHDVAMQKNNJM89CIKJJ4NO","A2VPZ840I1170W","Approved","Tue Jul 16 13:51:09 PDT 2019","Tue Jul 16 13:51:35 PDT 2019","Tue Jul 16 15:51:35 PDT 2019","Tue Jul 16 15:52:29 PDT 2019","","","26","100% (2/2)","100% (2/2)","100% (2/2)","10","""I think you need more apples.""","true","false","false","false","false","true","false","false","false","false","false","true","false",""
"33QQ60S6ASIOJ4UYBL35LHIAL7BU04","3CZ46AGKHNOAZ4QRXWKA5NQOMXYMO3","Linguistic judgments about sarcasm","Answer questions about an interaction between two people","language,irony,sarcasm,scientific study,figurative language","$0.05","Tue Jul 16 10:13:02 PDT 2019","20","BatchId:3706534;OriginalHitTemplateId:928390828;","600","7200","Fri Jul 19 10:13:02 PDT 2019","","","3LS2AMNW5FQKHCDUMZQCQ1DS6MMOQN","A9KJQ4RBAOKD0","Approved","Tue Jul 16 19:43:28 PDT 2019","Tue Jul 16 19:44:11 PDT 2019","Tue Jul 16 21:44:11 PDT 2019","Tue Jul 16 21:44:29 PDT 2019","","","43","100% (3/3)","100% (3/3)","100% (3/3)","10","""I think you need more apples.""","true","false","false","false","true","false","true","false","false","false","false","false","false",""
"33QQ60S6ASIOJ4UYBL35LHIAL7BU04","3CZ46AGKHNOAZ4QRXWKA5NQOMXYMO3","Linguistic judgments about sarcasm","Answer questions about an interaction between two people","language,irony,sarcasm,scientific study,figurative language","$0.05","Tue Jul 16 10:13:02 PDT 2019","20","BatchId:3706534;OriginalHitTemplateId:928390828;","600","7200","Fri Jul 19 10:13:02 PDT 2019","","","3N2BF7Y2VQUJ4GTFQTO5PJWMKYIHMA","A3M3VYUAE03CWA","Approved","Tue Jul 16 11:54:07 PDT 2019","Tue Jul 16 11:55:41 PDT 2019","Tue Jul 16 13:55:41 PDT 2019","Tue Jul 16 13:56:29 PDT 2019","","","94","100% (6/6)","100% (6/6)","100% (6/6)","10","""I think you need more apples.""","true","false","false","false","false","true","true","false","false","false","false","false","false",""
"33QQ60S6ASIOJ4UYBL35LHIAL7BU04","3CZ46AGKHNOAZ4QRXWKA5NQOMXYMO3","Linguistic judgments about sarcasm","Answer questions about an interaction between two people","language,irony,sarcasm,scientific study,figurative language","$0.05","Tue Jul 16 10:13:02 PDT 2019","20","BatchId:3706534;OriginalHitTemplateId:928390828;","600","7200","Fri Jul 19 10:13:02 PDT 2019","","","3NLZY2D53PPCBRAX97AKYK9YBGAQLZ","A1TWMICXERY6BY","Approved","Tue Jul 16 16:39:55 PDT 2019","Tue Jul 16 16:40:11 PDT 2019","Tue Jul 16 18:40:11 PDT 2019","Tue Jul 16 18:40:29 PDT 2019","","","16","100% (6/6)","100% (6/6)","100% (6/6)","10","""I think you need more apples.""","true","false","false","false","false","true","false","false","false","true","false","false","false",""
"33QQ60S6ASIOJ4UYBL35LHIAL7BU04","3CZ46AGKHNOAZ4QRXWKA5NQOMXYMO3","Linguistic judgments about sarcasm","Answer questions about an interaction between two people","language,irony,sarcasm,scientific study,figurative language","$0.05","Tue Jul 16 10:13:02 PDT 2019","20","BatchId:3706534;OriginalHitTemplateId:928390828;","600","7200","Fri Jul 19 10:13:02 PDT 2019","","","3OB0CAO74HPJYXIT9WCGJEJTT8RHYV","A1TKLF1NJOEN3C","Approved","Tue Jul 16 11:31:33 PDT 2019","Tue Jul 16 11:31:49 PDT 2019","Tue Jul 16 13:31:49 PDT 2019","Tue Jul 16 13:32:29 PDT 2019","","","16","100% (6/6)","100% (6/6)","100% (6/6)","10","""I think you need more apples.""","true","false","false","false","false","true","false","false","false","true","false","false","false",""
"33QQ60S6ASIOJ4UYBL35LHIAL7BU04","3CZ46AGKHNOAZ4QRXWKA5NQOMXYMO3","Linguistic judgments about sarcasm","Answer questions about an interaction between two people","language,irony,sarcasm,scientific study,figurative language","$0.05","Tue Jul 16 10:13:02 PDT 2019","20","BatchId:3706534;OriginalHitTemplateId:928390828;","600","7200","Fri Jul 19 10:13:02 PDT 2019","","","3Z7EFSHGN9E3HKH3I8CDP9F4E9NXCP","AB7FCO8X423HV","Approved","Tue Jul 16 11:23:31 PDT 2019","Tue Jul 16 11:23:51 PDT 2019","Tue Jul 16 13:23:51 PDT 2019","Tue Jul 16 13:24:29 PDT 2019","","","20","100% (6/6)","100% (6/6)","100% (6/6)","10","""I think you need more apples.""","true","false","false","false","true","false","false","false","false","true","false","false","false",""
"33QQ60S6ASIOJ4UYBL35LHIAL7BU04","3CZ46AGKHNOAZ4QRXWKA5NQOMXYMO3","Linguistic judgments about sarcasm","Answer questions about an interaction between two people","language,irony,sarcasm,scientific study,figurative language","$0.05","Tue Jul 16 10:13:02 PDT 2019","20","BatchId:3706534;OriginalHitTemplateId:928390828;","600","7200","Fri Jul 19 10:13:02 PDT 2019","","","3ZPBJO59KP1G0MN2D0P26T9SBK0HD2","A3EC6P9YZVIR6X","Approved","Tue Jul 16 13:13:12 PDT 2019","Tue Jul 16 13:14:02 PDT 2019","Tue Jul 16 15:14:02 PDT 2019","Tue Jul 16 15:14:29 PDT 2019","","","50","100% (6/6)","100% (6/6)","100% (6/6)","10","""I think you need more apples.""","true","false","false","false","false","true","false","false","false","false","true","false","false",""
"3E9VAUV7BWE11QCLDOXND800QHZAYA","3CZ46AGKHNOAZ4QRXWKA5NQOMXYMO3","Linguistic judgments about sarcasm","Answer questions about an interaction between two people","language,irony,sarcasm,scientific study,figurative language","$0.05","Tue Jul 16 10:13:02 PDT 2019","20","BatchId:3706534;OriginalHitTemplateId:928390828;","600","7200","Fri Jul 19 10:13:02 PDT 2019","","","31Q0U3WYDPFPF21EKYJVEEJP8LI17D","A397J2CV0YIDT3","Approved","Tue Jul 16 18:11:59 PDT 2019","Tue Jul 16 18:12:18 PDT 2019","Tue Jul 16 20:12:18 PDT 2019","Tue Jul 16 20:12:29 PDT 2019","","","19","100% (3/3)","100% (3/3)","100% (3/3)","15","""I think you need more apples.""","true","false","false","false","false","true","false","false","false","false","false","true","false",""
"3E9VAUV7BWE11QCLDOXND800QHZAYA","3CZ46AGKHNOAZ4QRXWKA5NQOMXYMO3","Linguistic judgments about sarcasm","Answer questions about an interaction between two people","language,irony,sarcasm,scientific study,figurative language","$0.05","Tue Jul 16 10:13:02 PDT 2019","20","BatchId:3706534;OriginalHitTemplateId:928390828;","600","7200","Fri Jul 19 10:13:02 PDT 2019","","","324G5B4FB38P8DGWOFFV090F3R507Y","A32IH90XD0CKFF","Approved","Tue Jul 16 11:04:02 PDT 2019","Tue Jul 16 11:04:29 PDT 2019","Tue Jul 16 13:04:29 PDT 2019","Tue Jul 16 13:04:30 PDT 2019","","","27","100% (6/6)","100% (6/6)","100% (6/6)","15","""I think you need more apples.""","true","false","false","false","false","true","false","false","false","false","true","false","false",""
"3E9VAUV7BWE11QCLDOXND800QHZAYA","3CZ46AGKHNOAZ4QRXWKA5NQOMXYMO3","Linguistic judgments about sarcasm","Answer questions about an interaction between two people","language,irony,sarcasm,scientific study,figurative language","$0.05","Tue Jul 16 10:13:02 PDT 2019","20","BatchId:3706534;OriginalHitTemplateId:928390828;","600","7200","Fri Jul 19 10:13:02 PDT 2019","","","32SCWG5HIH49SU6BMQPT9W1RGPEP6E","A1X0RULQKTC71M","Approved","Tue Jul 16 12:04:03 PDT 2019","Tue Jul 16 12:05:35 PDT 2019","Tue Jul 16 14:05:35 PDT 2019","Tue Jul 16 12:23:27 PDT 2019","","","92","100% (1/1)","100% (1/1)","100% (1/1)","15","""I think you need more apples.""","true","false","false","false","false","true","false","false","false","true","false","false","false","I'm mostly deciding based on the fact that 15 apples is quite a lot for two people over the course of a weekend."
"3E9VAUV7BWE11QCLDOXND800QHZAYA","3CZ46AGKHNOAZ4QRXWKA5NQOMXYMO3","Linguistic judgments about sarcasm","Answer questions about an interaction between two people","language,irony,sarcasm,scientific study,figurative language","$0.05","Tue Jul 16 10:13:02 PDT 2019","20","BatchId:3706534;OriginalHitTemplateId:928390828;","600","7200","Fri Jul 19 10:13:02 PDT 2019","","","35H6S234SA05ZKOS2BGFBQWAPOI65C","A16TH68KJQZXKC","Approved","Tue Jul 16 10:14:00 PDT 2019","Tue Jul 16 10:16:49 PDT 2019","Tue Jul 16 12:16:49 PDT 2019","Tue Jul 16 12:17:29 PDT 2019","","","169","100% (1/1)","100% (1/1)","100% (1/1)","15","""I think you need more apples.""","true","false","false","false","false","true","false","false","false","false","false","false","true",""
"3E9VAUV7BWE11QCLDOXND800QHZAYA","3CZ46AGKHNOAZ4QRXWKA5NQOMXYMO3","Linguistic judgments about sarcasm","Answer questions about an interaction between two people","language,irony,sarcasm,scientific study,figurative language","$0.05","Tue Jul 16 10:13:02 PDT 2019","20","BatchId:3706534;OriginalHitTemplateId:928390828;","600","7200","Fri Jul 19 10:13:02 PDT 2019","","","37TRT2X24QRJCVK8N41HNG17LROJBY","AA0FF7MPGLUL","Approved","Tue Jul 16 12:37:49 PDT 2019","Tue Jul 16 12:38:06 PDT 2019","Tue Jul 16 14:38:06 PDT 2019","Tue Jul 16 14:38:29 PDT 2019","","","17","100% (6/6)","100% (6/6)","100% (6/6)","15","""I think you need more apples.""","true","false","false","false","true","false","true","false","false","false","false","false","false",""
"3E9VAUV7BWE11QCLDOXND800QHZAYA","3CZ46AGKHNOAZ4QRXWKA5NQOMXYMO3","Linguistic judgments about sarcasm","Answer questions about an interaction between two people","language,irony,sarcasm,scientific study,figurative language","$0.05","Tue Jul 16 10:13:02 PDT 2019","20","BatchId:3706534;OriginalHitTemplateId:928390828;","600","7200","Fri Jul 19 10:13:02 PDT 2019","","","37UQDCYH6XV51EHCRC3KL2Q5XPS7VB","A9KJQ4RBAOKD0","Approved","Tue Jul 16 19:52:04 PDT 2019","Tue Jul 16 19:52:26 PDT 2019","Tue Jul 16 21:52:26 PDT 2019","Tue Jul 16 21:52:29 PDT 2019","","","22","100% (3/3)","100% (3/3)","100% (3/3)","15","""I think you need more apples.""","true","false","false","false","true","false","true","false","false","false","false","false","false",""
"3E9VAUV7BWE11QCLDOXND800QHZAYA","3CZ46AGKHNOAZ4QRXWKA5NQOMXYMO3","Linguistic judgments about sarcasm","Answer questions about an interaction between two people","language,irony,sarcasm,scientific study,figurative language","$0.05","Tue Jul 16 10:13:02 PDT 2019","20","BatchId:3706534;OriginalHitTemplateId:928390828;","600","7200","Fri Jul 19 10:13:02 PDT 2019","","","38F71OA9GTWZQK29V305MYK94IKMFU","A2JLM0AG2F35W2","Approved","Tue Jul 16 10:47:21 PDT 2019","Tue Jul 16 10:47:46 PDT 2019","Tue Jul 16 12:47:46 PDT 2019","Tue Jul 16 12:48:29 PDT 2019","","","25","100% (6/6)","100% (6/6)","100% (6/6)","15","""I think you need more apples.""","true","false","false","false","false","true","false","false","false","false","false","false","true",""
"3E9VAUV7BWE11QCLDOXND800QHZAYA","3CZ46AGKHNOAZ4QRXWKA5NQOMXYMO3","Linguistic judgments about sarcasm","Answer questions about an interaction between two people","language,irony,sarcasm,scientific study,figurative language","$0.05","Tue Jul 16 10:13:02 PDT 2019","20","BatchId:3706534;OriginalHitTemplateId:928390828;","600","7200","Fri Jul 19 10:13:02 PDT 2019","","","3D4CH1LGEATQX0FAHE2IZXE15Z7G9K","A23PQYQ6A2I076","Approved","Tue Jul 16 12:59:40 PDT 2019","Tue Jul 16 13:00:17 PDT 2019","Tue Jul 16 15:00:17 PDT 2019","Tue Jul 16 15:00:31 PDT 2019","","","37","100% (1/1)","100% (1/1)","100% (1/1)","15","""I think you need more apples.""","true","false","false","false","false","true","false","false","false","false","true","false","false",""
"3E9VAUV7BWE11QCLDOXND800QHZAYA","3CZ46AGKHNOAZ4QRXWKA5NQOMXYMO3","Linguistic judgments about sarcasm","Answer questions about an interaction between two people","language,irony,sarcasm,scientific study,figurative language","$0.05","Tue Jul 16 10:13:02 PDT 2019","20","BatchId:3706534;OriginalHitTemplateId:928390828;","600","7200","Fri Jul 19 10:13:02 PDT 2019","","","3DEL4X4EL6LGKNI8E0U2M07NHY1XYV","A1TWMICXERY6BY","Approved","Tue Jul 16 16:38:35 PDT 2019","Tue Jul 16 16:38:51 PDT 2019","Tue Jul 16 18:38:51 PDT 2019","Tue Jul 16 18:39:29 PDT 2019","","","16","100% (6/6)","100% (6/6)","100% (6/6)","15","""I think you need more apples.""","true","false","false","false","false","true","false","false","false","false","false","true","false",""
"3E9VAUV7BWE11QCLDOXND800QHZAYA","3CZ46AGKHNOAZ4QRXWKA5NQOMXYMO3","Linguistic judgments about sarcasm","Answer questions about an interaction between two people","language,irony,sarcasm,scientific study,figurative language","$0.05","Tue Jul 16 10:13:02 PDT 2019","20","BatchId:3706534;OriginalHitTemplateId:928390828;","600","7200","Fri Jul 19 10:13:02 PDT 2019","","","3DR23U6WE5EBX1SX9PHBQUU1MQGTE1","A1TKLF1NJOEN3C","Approved","Tue Jul 16 11:30:19 PDT 2019","Tue Jul 16 11:30:40 PDT 2019","Tue Jul 16 13:30:40 PDT 2019","Tue Jul 16 13:31:29 PDT 2019","","","21","100% (6/6)","100% (6/6)","100% (6/6)","15","""I think you need more apples.""","true","false","false","false","false","true","false","false","false","false","false","true","false",""
"3E9VAUV7BWE11QCLDOXND800QHZAYA","3CZ46AGKHNOAZ4QRXWKA5NQOMXYMO3","Linguistic judgments about sarcasm","Answer questions about an interaction between two people","language,irony,sarcasm,scientific study,figurative language","$0.05","Tue Jul 16 10:13:02 PDT 2019","20","BatchId:3706534;OriginalHitTemplateId:928390828;","600","7200","Fri Jul 19 10:13:02 PDT 2019","","","3E1QT0TDFP94FM2V2AW7KDW605UI80","A2EJOI2VIRMIR","Approved","Tue Jul 16 11:15:28 PDT 2019","Tue Jul 16 11:16:05 PDT 2019","Tue Jul 16 13:16:05 PDT 2019","Tue Jul 16 13:16:30 PDT 2019","","","37","100% (6/6)","100% (6/6)","100% (6/6)","15","""I think you need more apples.""","true","false","false","false","false","true","false","false","false","false","false","false","true",""
"3E9VAUV7BWE11QCLDOXND800QHZAYA","3CZ46AGKHNOAZ4QRXWKA5NQOMXYMO3","Linguistic judgments about sarcasm","Answer questions about an interaction between two people","language,irony,sarcasm,scientific study,figurative language","$0.05","Tue Jul 16 10:13:02 PDT 2019","20","BatchId:3706534;OriginalHitTemplateId:928390828;","600","7200","Fri Jul 19 10:13:02 PDT 2019","","","3GA6AFUKOOOIIUL5KBJQTKNGK6AH31","A16UN0D2DEWTI8","Approved","Tue Jul 16 10:20:48 PDT 2019","Tue Jul 16 10:21:06 PDT 2019","Tue Jul 16 12:21:06 PDT 2019","Tue Jul 16 12:21:29 PDT 2019","","","18","100% (6/6)","100% (6/6)","100% (6/6)","15","""I think you need more apples.""","true","false","false","false","false","true","false","false","false","false","false","true","false",""
"3E9VAUV7BWE11QCLDOXND800QHZAYA","3CZ46AGKHNOAZ4QRXWKA5NQOMXYMO3","Linguistic judgments about sarcasm","Answer questions about an interaction between two people","language,irony,sarcasm,scientific study,figurative language","$0.05","Tue Jul 16 10:13:02 PDT 2019","20","BatchId:3706534;OriginalHitTemplateId:928390828;","600","7200","Fri Jul 19 10:13:02 PDT 2019","","","3GM6G9ZBKNX99PKAQN5U32ZAVS3MTF","A3ODDPUS1Y354R","Approved","Tue Jul 16 17:52:24 PDT 2019","Tue Jul 16 17:52:41 PDT 2019","Tue Jul 16 19:52:41 PDT 2019","Tue Jul 16 19:53:29 PDT 2019","","","17","100% (5/5)","100% (5/5)","100% (5/5)","15","""I think you need more apples.""","true","false","false","false","false","true","false","false","false","false","false","false","true",""
"3E9VAUV7BWE11QCLDOXND800QHZAYA","3CZ46AGKHNOAZ4QRXWKA5NQOMXYMO3","Linguistic judgments about sarcasm","Answer questions about an interaction between two people","language,irony,sarcasm,scientific study,figurative language","$0.05","Tue Jul 16 10:13:02 PDT 2019","20","BatchId:3706534;OriginalHitTemplateId:928390828;","600","7200","Fri Jul 19 10:13:02 PDT 2019","","","3HL8HNGX451KJ0JF6UW0HCEP4J4F9F","A1RFZDD1LMS3IQ","Approved","Tue Jul 16 10:15:52 PDT 2019","Tue Jul 16 10:16:05 PDT 2019","Tue Jul 16 12:16:05 PDT 2019","Tue Jul 16 12:16:30 PDT 2019","","","13","100% (6/6)","100% (6/6)","100% (6/6)","15","""I think you need more apples.""","true","false","false","false","false","true","false","false","false","false","false","true","false",""
"3E9VAUV7BWE11QCLDOXND800QHZAYA","3CZ46AGKHNOAZ4QRXWKA5NQOMXYMO3","Linguistic judgments about sarcasm","Answer questions about an interaction between two people","language,irony,sarcasm,scientific study,figurative language","$0.05","Tue Jul 16 10:13:02 PDT 2019","20","BatchId:3706534;OriginalHitTemplateId:928390828;","600","7200","Fri Jul 19 10:13:02 PDT 2019","","","3HQUKB7LNFEXC2S4ZW8SXEOQ3CJHH1","A3M3VYUAE03CWA","Approved","Tue Jul 16 11:53:59 PDT 2019","Tue Jul 16 11:55:08 PDT 2019","Tue Jul 16 13:55:08 PDT 2019","Tue Jul 16 13:55:29 PDT 2019","","","69","100% (6/6)","100% (6/6)","100% (6/6)","15","""I think you need more apples.""","true","false","false","false","false","true","false","false","false","true","false","false","false",""
"3E9VAUV7BWE11QCLDOXND800QHZAYA","3CZ46AGKHNOAZ4QRXWKA5NQOMXYMO3","Linguistic judgments about sarcasm","Answer questions about an interaction between two people","language,irony,sarcasm,scientific study,figurative language","$0.05","Tue Jul 16 10:13:02 PDT 2019","20","BatchId:3706534;OriginalHitTemplateId:928390828;","600","7200","Fri Jul 19 10:13:02 PDT 2019","","","3IAEQB9FMEKYXCIR8ZB27WJFQ8DWDH","A3EC6P9YZVIR6X","Approved","Tue Jul 16 13:14:38 PDT 2019","Tue Jul 16 13:14:53 PDT 2019","Tue Jul 16 15:14:53 PDT 2019","Tue Jul 16 15:15:29 PDT 2019","","","15","100% (6/6)","100% (6/6)","100% (6/6)","15","""I think you need more apples.""","true","false","false","false","false","true","false","false","false","false","true","false","false",""
"3E9VAUV7BWE11QCLDOXND800QHZAYA","3CZ46AGKHNOAZ4QRXWKA5NQOMXYMO3","Linguistic judgments about sarcasm","Answer questions about an interaction between two people","language,irony,sarcasm,scientific study,figurative language","$0.05","Tue Jul 16 10:13:02 PDT 2019","20","BatchId:3706534;OriginalHitTemplateId:928390828;","600","7200","Fri Jul 19 10:13:02 PDT 2019","","","3R2UR8A0IAG4Q9E68DL4K99L3O5OXE","A1D6WZBOMC63GW","Approved","Tue Jul 16 17:44:59 PDT 2019","Tue Jul 16 17:45:13 PDT 2019","Tue Jul 16 19:45:13 PDT 2019","Tue Jul 16 19:45:29 PDT 2019","","","14","100% (5/5)","100% (5/5)","100% (5/5)","15","""I think you need more apples.""","true","false","false","false","false","true","false","false","false","false","false","true","false",""
"3E9VAUV7BWE11QCLDOXND800QHZAYA","3CZ46AGKHNOAZ4QRXWKA5NQOMXYMO3","Linguistic judgments about sarcasm","Answer questions about an interaction between two people","language,irony,sarcasm,scientific study,figurative language","$0.05","Tue Jul 16 10:13:02 PDT 2019","20","BatchId:3706534;OriginalHitTemplateId:928390828;","600","7200","Fri Jul 19 10:13:02 PDT 2019","","","3WYGZ5XF3WFD417SGBNOEKBK44FKS4","A1V6B46UCM29MY","Approved","Tue Jul 16 13:24:57 PDT 2019","Tue Jul 16 13:25:40 PDT 2019","Tue Jul 16 15:25:40 PDT 2019","Tue Jul 16 15:26:29 PDT 2019","","","43","100% (1/1)","100% (1/1)","100% (1/1)","15","""I think you need more apples.""","true","false","false","false","false","true","false","false","false","false","true","false","false",""
"3E9VAUV7BWE11QCLDOXND800QHZAYA","3CZ46AGKHNOAZ4QRXWKA5NQOMXYMO3","Linguistic judgments about sarcasm","Answer questions about an interaction between two people","language,irony,sarcasm,scientific study,figurative language","$0.05","Tue Jul 16 10:13:02 PDT 2019","20","BatchId:3706534;OriginalHitTemplateId:928390828;","600","7200","Fri Jul 19 10:13:02 PDT 2019","","","3WZ36BJEV3GDQYGDZYFLPMOGJT0BTG","AB7FCO8X423HV","Approved","Tue Jul 16 11:24:14 PDT 2019","Tue Jul 16 11:24:31 PDT 2019","Tue Jul 16 13:24:31 PDT 2019","Tue Jul 16 13:25:29 PDT 2019","","","17","100% (6/6)","100% (6/6)","100% (6/6)","15","""I think you need more apples.""","true","false","false","false","false","true","false","false","false","false","true","false","false",""
"3E9VAUV7BWE11QCLDOXND800QHZAYA","3CZ46AGKHNOAZ4QRXWKA5NQOMXYMO3","Linguistic judgments about sarcasm","Answer questions about an interaction between two people","language,irony,sarcasm,scientific study,figurative language","$0.05","Tue Jul 16 10:13:02 PDT 2019","20","BatchId:3706534;OriginalHitTemplateId:928390828;","600","7200","Fri Jul 19 10:13:02 PDT 2019","","","3ZSY5X72NXBKTDSUZEFCVRNX27ZRO0","AKTPX8XVONC0D","Approved","Tue Jul 16 12:23:09 PDT 2019","Tue Jul 16 12:23:31 PDT 2019","Tue Jul 16 14:23:31 PDT 2019","Tue Jul 16 14:24:29 PDT 2019","","","22","100% (4/4)","100% (4/4)","100% (4/4)","15","""I think you need more apples.""","true","false","false","false","false","true","false","false","false","false","false","false","true",""
"3FTID4TN8LYIX93PAFMDMMGBKTXYLF","3CZ46AGKHNOAZ4QRXWKA5NQOMXYMO3","Linguistic judgments about sarcasm","Answer questions about an interaction between two people","language,irony,sarcasm,scientific study,figurative language","$0.05","Tue Jul 16 10:13:02 PDT 2019","20","BatchId:3706534;OriginalHitTemplateId:928390828;","600","7200","Fri Jul 19 10:13:02 PDT 2019","","","338JKRMM26ZI2FKQTQY0GS1MQG1HAW","A16UN0D2DEWTI8","Approved","Tue Jul 16 10:19:36 PDT 2019","Tue Jul 16 10:20:04 PDT 2019","Tue Jul 16 12:20:04 PDT 2019","Tue Jul 16 12:20:30 PDT 2019","","","28","100% (6/6)","100% (6/6)","100% (6/6)","20","""I think you need more apples.""","true","false","false","false","false","true","false","false","false","false","false","false","true",""
"3FTID4TN8LYIX93PAFMDMMGBKTXYLF","3CZ46AGKHNOAZ4QRXWKA5NQOMXYMO3","Linguistic judgments about sarcasm","Answer questions about an interaction between two people","language,irony,sarcasm,scientific study,figurative language","$0.05","Tue Jul 16 10:13:02 PDT 2019","20","BatchId:3706534;OriginalHitTemplateId:928390828;","600","7200","Fri Jul 19 10:13:02 PDT 2019","","","33JKGHPFYCUBECFQTRJIU3TI6AXNMV","AA0FF7MPGLUL","Approved","Tue Jul 16 12:36:54 PDT 2019","Tue Jul 16 12:37:15 PDT 2019","Tue Jul 16 14:37:15 PDT 2019","Tue Jul 16 14:37:29 PDT 2019","","","21","100% (6/6)","100% (6/6)","100% (6/6)","20","""I think you need more apples.""","true","false","false","false","false","true","false","false","false","false","false","false","true",""
"3FTID4TN8LYIX93PAFMDMMGBKTXYLF","3CZ46AGKHNOAZ4QRXWKA5NQOMXYMO3","Linguistic judgments about sarcasm","Answer questions about an interaction between two people","language,irony,sarcasm,scientific study,figurative language","$0.05","Tue Jul 16 10:13:02 PDT 2019","20","BatchId:3706534;OriginalHitTemplateId:928390828;","600","7200","Fri Jul 19 10:13:02 PDT 2019","","","33M4IA01QG17NM6M0528E4EQEA8RX7","A214QU1LFV5Q14","Approved","Tue Jul 16 10:19:42 PDT 2019","Tue Jul 16 10:20:23 PDT 2019","Tue Jul 16 12:20:23 PDT 2019","Tue Jul 16 12:20:30 PDT 2019","","","41","100% (1/1)","100% (1/1)","100% (1/1)","20","""I think you need more apples.""","true","false","false","false","false","true","false","false","false","false","false","false","true",""
"3FTID4TN8LYIX93PAFMDMMGBKTXYLF","3CZ46AGKHNOAZ4QRXWKA5NQOMXYMO3","Linguistic judgments about sarcasm","Answer questions about an interaction between two people","language,irony,sarcasm,scientific study,figurative language","$0.05","Tue Jul 16 10:13:02 PDT 2019","20","BatchId:3706534;OriginalHitTemplateId:928390828;","600","7200","Fri Jul 19 10:13:02 PDT 2019","","","35GMH2SV3EHVK9NPD8VCWKOENIWEOX","AB7FCO8X423HV","Approved","Tue Jul 16 11:24:32 PDT 2019","Tue Jul 16 11:24:44 PDT 2019","Tue Jul 16 13:24:44 PDT 2019","Tue Jul 16 13:25:29 PDT 2019","","","12","100% (6/6)","100% (6/6)","100% (6/6)","20","""I think you need more apples.""","true","false","false","false","false","true","false","false","false","false","false","true","false",""
"3FTID4TN8LYIX93PAFMDMMGBKTXYLF","3CZ46AGKHNOAZ4QRXWKA5NQOMXYMO3","Linguistic judgments about sarcasm","Answer questions about an interaction between two people","language,irony,sarcasm,scientific study,figurative language","$0.05","Tue Jul 16 10:13:02 PDT 2019","20","BatchId:3706534;OriginalHitTemplateId:928390828;","600","7200","Fri Jul 19 10:13:02 PDT 2019","","","37TD41K0AH9VL3V4OY6QQ1YCZWPCS4","A247TCDIBB07JC","Approved","Tue Jul 16 19:56:13 PDT 2019","Tue Jul 16 19:57:36 PDT 2019","Tue Jul 16 21:57:36 PDT 2019","Tue Jul 16 21:58:29 PDT 2019","","","83","100% (1/1)","100% (1/1)","100% (1/1)","20","""I think you need more apples.""","true","false","false","false","false","true","false","false","true","false","false","false","false",""
"3FTID4TN8LYIX93PAFMDMMGBKTXYLF","3CZ46AGKHNOAZ4QRXWKA5NQOMXYMO3","Linguistic judgments about sarcasm","Answer questions about an interaction between two people","language,irony,sarcasm,scientific study,figurative language","$0.05","Tue Jul 16 10:13:02 PDT 2019","20","BatchId:3706534;OriginalHitTemplateId:928390828;","600","7200","Fri Jul 19 10:13:02 PDT 2019","","","386PBUZZXFXVP46KEHQB1JXCXKMLJ5","A2EJOI2VIRMIR","Approved","Tue Jul 16 11:23:34 PDT 2019","Tue Jul 16 11:24:12 PDT 2019","Tue Jul 16 13:24:12 PDT 2019","Tue Jul 16 13:24:29 PDT 2019","","","38","100% (6/6)","100% (6/6)","100% (6/6)","20","""I think you need more apples.""","true","false","false","false","false","true","false","false","false","false","false","false","true",""
"3FTID4TN8LYIX93PAFMDMMGBKTXYLF","3CZ46AGKHNOAZ4QRXWKA5NQOMXYMO3","Linguistic judgments about sarcasm","Answer questions about an interaction between two people","language,irony,sarcasm,scientific study,figurative language","$0.05","Tue Jul 16 10:13:02 PDT 2019","20","BatchId:3706534;OriginalHitTemplateId:928390828;","600","7200","Fri Jul 19 10:13:02 PDT 2019","","","3BDCF01OGXULKT1J0HREB6C0APULY0","A1D6WZBOMC63GW","Approved","Tue Jul 16 17:44:25 PDT 2019","Tue Jul 16 17:44:51 PDT 2019","Tue Jul 16 19:44:51 PDT 2019","Tue Jul 16 19:45:29 PDT 2019","","","26","100% (5/5)","100% (5/5)","100% (5/5)","20","""I think you need more apples.""","true","false","false","false","false","true","false","false","false","false","false","true","false",""
"3FTID4TN8LYIX93PAFMDMMGBKTXYLF","3CZ46AGKHNOAZ4QRXWKA5NQOMXYMO3","Linguistic judgments about sarcasm","Answer questions about an interaction between two people","language,irony,sarcasm,scientific study,figurative language","$0.05","Tue Jul 16 10:13:02 PDT 2019","20","BatchId:3706534;OriginalHitTemplateId:928390828;","600","7200","Fri Jul 19 10:13:02 PDT 2019","","","3C6FJU71TQTO3JOD9VJF2T8JNFDUYR","A2JLM0AG2F35W2","Approved","Tue Jul 16 10:48:03 PDT 2019","Tue Jul 16 10:48:23 PDT 2019","Tue Jul 16 12:48:23 PDT 2019","Tue Jul 16 12:48:30 PDT 2019","","","20","100% (6/6)","100% (6/6)","100% (6/6)","20","""I think you need more apples.""","true","false","false","false","false","true","false","false","false","false","false","false","true",""
"3FTID4TN8LYIX93PAFMDMMGBKTXYLF","3CZ46AGKHNOAZ4QRXWKA5NQOMXYMO3","Linguistic judgments about sarcasm","Answer questions about an interaction between two people","language,irony,sarcasm,scientific study,figurative language","$0.05","Tue Jul 16 10:13:02 PDT 2019","20","BatchId:3706534;OriginalHitTemplateId:928390828;","600","7200","Fri Jul 19 10:13:02 PDT 2019","","","3E1QT0TDFP94FM2V2AW7KDW606I8IG","AMQAYNDEWN98A","Approved","Tue Jul 16 13:10:32 PDT 2019","Tue Jul 16 13:10:43 PDT 2019","Tue Jul 16 15:10:43 PDT 2019","Tue Jul 16 15:11:29 PDT 2019","","","11","100% (2/2)","100% (2/2)","100% (2/2)","20","""I think you need more apples.""","true","false","false","false","true","false","false","false","true","false","false","false","false",""
"3FTID4TN8LYIX93PAFMDMMGBKTXYLF","3CZ46AGKHNOAZ4QRXWKA5NQOMXYMO3","Linguistic judgments about sarcasm","Answer questions about an interaction between two people","language,irony,sarcasm,scientific study,figurative language","$0.05","Tue Jul 16 10:13:02 PDT 2019","20","BatchId:3706534;OriginalHitTemplateId:928390828;","600","7200","Fri Jul 19 10:13:02 PDT 2019","","","3G0WWMR1UVK2ZRDILKQZBCDNGBANQY","A1TWMICXERY6BY","Approved","Tue Jul 16 16:39:22 PDT 2019","Tue Jul 16 16:39:35 PDT 2019","Tue Jul 16 18:39:35 PDT 2019","Tue Jul 16 18:40:29 PDT 2019","","","13","100% (6/6)","100% (6/6)","100% (6/6)","20","""I think you need more apples.""","true","false","false","false","false","true","false","false","false","false","false","false","true",""
"3FTID4TN8LYIX93PAFMDMMGBKTXYLF","3CZ46AGKHNOAZ4QRXWKA5NQOMXYMO3","Linguistic judgments about sarcasm","Answer questions about an interaction between two people","language,irony,sarcasm,scientific study,figurative language","$0.05","Tue Jul 16 10:13:02 PDT 2019","20","BatchId:3706534;OriginalHitTemplateId:928390828;","600","7200","Fri Jul 19 10:13:02 PDT 2019","","","3HVVDCPGTES9369O9QT5XXMH42GTYB","A1UAPHGOLTQEMP","Approved","Tue Jul 16 17:44:06 PDT 2019","Tue Jul 16 17:45:00 PDT 2019","Tue Jul 16 19:45:00 PDT 2019","Tue Jul 16 19:45:29 PDT 2019","","","54","100% (1/1)","100% (1/1)","100% (1/1)","20","""I think you need more apples.""","true","false","false","false","true","false","false","false","false","false","true","false","false",""
"3FTID4TN8LYIX93PAFMDMMGBKTXYLF","3CZ46AGKHNOAZ4QRXWKA5NQOMXYMO3","Linguistic judgments about sarcasm","Answer questions about an interaction between two people","language,irony,sarcasm,scientific study,figurative language","$0.05","Tue Jul 16 10:13:02 PDT 2019","20","BatchId:3706534;OriginalHitTemplateId:928390828;","600","7200","Fri Jul 19 10:13:02 PDT 2019","","","3IFS6Q0HJIJMY6H4G82C14W7C0FSIQ","A3M3VYUAE03CWA","Approved","Tue Jul 16 11:55:00 PDT 2019","Tue Jul 16 11:56:39 PDT 2019","Tue Jul 16 13:56:39 PDT 2019","Tue Jul 16 13:57:29 PDT 2019","","","99","100% (6/6)","100% (6/6)","100% (6/6)","20","""I think you need more apples.""","true","false","false","false","false","true","false","false","false","false","false","true","false",""
"3FTID4TN8LYIX93PAFMDMMGBKTXYLF","3CZ46AGKHNOAZ4QRXWKA5NQOMXYMO3","Linguistic judgments about sarcasm","Answer questions about an interaction between two people","language,irony,sarcasm,scientific study,figurative language","$0.05","Tue Jul 16 10:13:02 PDT 2019","20","BatchId:3706534;OriginalHitTemplateId:928390828;","600","7200","Fri Jul 19 10:13:02 PDT 2019","","","3NPI0JQDAO5FUSHNI3XMK6T50YHTPN","A9KJQ4RBAOKD0","Approved","Tue Jul 16 19:44:35 PDT 2019","Tue Jul 16 19:45:33 PDT 2019","Tue Jul 16 21:45:33 PDT 2019","Tue Jul 16 21:46:29 PDT 2019","","","58","100% (3/3)","100% (3/3)","100% (3/3)","20","""I think you need more apples.""","true","false","false","false","true","false","true","false","false","false","false","false","false","Unable to tell. It could be either way."
"3FTID4TN8LYIX93PAFMDMMGBKTXYLF","3CZ46AGKHNOAZ4QRXWKA5NQOMXYMO3","Linguistic judgments about sarcasm","Answer questions about an interaction between two people","language,irony,sarcasm,scientific study,figurative language","$0.05","Tue Jul 16 10:13:02 PDT 2019","20","BatchId:3706534;OriginalHitTemplateId:928390828;","600","7200","Fri Jul 19 10:13:02 PDT 2019","","","3NQL1CS15R8OGYDDELTKYFA21NXYVX","A397J2CV0YIDT3","Approved","Tue Jul 16 18:12:25 PDT 2019","Tue Jul 16 18:12:52 PDT 2019","Tue Jul 16 20:12:52 PDT 2019","Tue Jul 16 20:13:29 PDT 2019","","","27","100% (3/3)","100% (3/3)","100% (3/3)","20","""I think you need more apples.""","true","false","false","false","false","true","false","false","false","false","false","false","true",""
"3FTID4TN8LYIX93PAFMDMMGBKTXYLF","3CZ46AGKHNOAZ4QRXWKA5NQOMXYMO3","Linguistic judgments about sarcasm","Answer questions about an interaction between two people","language,irony,sarcasm,scientific study,figurative language","$0.05","Tue Jul 16 10:13:02 PDT 2019","20","BatchId:3706534;OriginalHitTemplateId:928390828;","600","7200","Fri Jul 19 10:13:02 PDT 2019","","","3R5F3LQFV2KTV4EL9V9PHUPWBO9OZH","A1TKLF1NJOEN3C","Approved","Tue Jul 16 11:31:49 PDT 2019","Tue Jul 16 11:31:59 PDT 2019","Tue Jul 16 13:31:59 PDT 2019","Tue Jul 16 13:32:29 PDT 2019","","","10","100% (6/6)","100% (6/6)","100% (6/6)","20","""I think you need more apples.""","true","false","false","false","false","true","false","false","false","false","false","true","false",""
"3FTID4TN8LYIX93PAFMDMMGBKTXYLF","3CZ46AGKHNOAZ4QRXWKA5NQOMXYMO3","Linguistic judgments about sarcasm","Answer questions about an interaction between two people","language,irony,sarcasm,scientific study,figurative language","$0.05","Tue Jul 16 10:13:02 PDT 2019","20","BatchId:3706534;OriginalHitTemplateId:928390828;","600","7200","Fri Jul 19 10:13:02 PDT 2019","","","3SKEMFQBZ35VLHSJ2DHJXTBJSBRK8P","A10YYQ6F8VRZ7J","Approved","Tue Jul 16 20:04:54 PDT 2019","Tue Jul 16 20:05:19 PDT 2019","Tue Jul 16 22:05:19 PDT 2019","Tue Jul 16 22:05:29 PDT 2019","","","25","100% (1/1)","100% (1/1)","100% (1/1)","20","""I think you need more apples.""","true","false","false","false","false","true","false","false","false","false","false","false","true",""
"3FTID4TN8LYIX93PAFMDMMGBKTXYLF","3CZ46AGKHNOAZ4QRXWKA5NQOMXYMO3","Linguistic judgments about sarcasm","Answer questions about an interaction between two people","language,irony,sarcasm,scientific study,figurative language","$0.05","Tue Jul 16 10:13:02 PDT 2019","20","BatchId:3706534;OriginalHitTemplateId:928390828;","600","7200","Fri Jul 19 10:13:02 PDT 2019","","","3SKRO2GZ71RDAH8Y3S84IJOBE3AK1Q","A32IH90XD0CKFF","Approved","Tue Jul 16 11:02:26 PDT 2019","Tue Jul 16 11:02:53 PDT 2019","Tue Jul 16 13:02:53 PDT 2019","Tue Jul 16 13:03:29 PDT 2019","","","27","100% (6/6)","100% (6/6)","100% (6/6)","20","""I think you need more apples.""","true","false","false","false","false","true","false","false","false","false","false","true","false",""
"3FTID4TN8LYIX93PAFMDMMGBKTXYLF","3CZ46AGKHNOAZ4QRXWKA5NQOMXYMO3","Linguistic judgments about sarcasm","Answer questions about an interaction between two people","language,irony,sarcasm,scientific study,figurative language","$0.05","Tue Jul 16 10:13:02 PDT 2019","20","BatchId:3706534;OriginalHitTemplateId:928390828;","600","7200","Fri Jul 19 10:13:02 PDT 2019","","","3TXD01ZLD4H85CATKOV8M44CSF9U43","A3EC6P9YZVIR6X","Approved","Tue Jul 16 13:12:40 PDT 2019","Tue Jul 16 13:13:04 PDT 2019","Tue Jul 16 15:13:04 PDT 2019","Tue Jul 16 15:13:29 PDT 2019","","","24","100% (6/6)","100% (6/6)","100% (6/6)","20","""I think you need more apples.""","true","false","false","false","false","true","false","false","false","false","false","false","true",""
"3FTID4TN8LYIX93PAFMDMMGBKTXYLF","3CZ46AGKHNOAZ4QRXWKA5NQOMXYMO3","Linguistic judgments about sarcasm","Answer questions about an interaction between two people","language,irony,sarcasm,scientific study,figurative language","$0.05","Tue Jul 16 10:13:02 PDT 2019","20","BatchId:3706534;OriginalHitTemplateId:928390828;","600","7200","Fri Jul 19 10:13:02 PDT 2019","","","3WETL7AQWT86211AJ9IH4NKQFXG535","A1RFZDD1LMS3IQ","Approved","Tue Jul 16 10:15:31 PDT 2019","Tue Jul 16 10:15:40 PDT 2019","Tue Jul 16 12:15:40 PDT 2019","Tue Jul 16 12:16:29 PDT 2019","","","9","100% (6/6)","100% (6/6)","100% (6/6)","20","""I think you need more apples.""","true","false","false","false","false","true","false","false","false","false","false","true","false",""
"3FTID4TN8LYIX93PAFMDMMGBKTXYLF","3CZ46AGKHNOAZ4QRXWKA5NQOMXYMO3","Linguistic judgments about sarcasm","Answer questions about an interaction between two people","language,irony,sarcasm,scientific study,figurative language","$0.05","Tue Jul 16 10:13:02 PDT 2019","20","BatchId:3706534;OriginalHitTemplateId:928390828;","600","7200","Fri Jul 19 10:13:02 PDT 2019","","","3X65QVEQI0N8HQ0E4P9PEFKH71DCLK","A3ODDPUS1Y354R","Approved","Tue Jul 16 17:52:42 PDT 2019","Tue Jul 16 17:52:53 PDT 2019","Tue Jul 16 19:52:53 PDT 2019","Tue Jul 16 19:53:29 PDT 2019","","","11","100% (5/5)","100% (5/5)","100% (5/5)","20","""I think you need more apples.""","true","false","false","false","false","true","false","false","false","false","false","false","true",""
"3PCPFX4U40QNOF27XU2LEN8POOUQFZ","3CZ46AGKHNOAZ4QRXWKA5NQOMXYMO3","Linguistic judgments about sarcasm","Answer questions about an interaction between two people","language,irony,sarcasm,scientific study,figurative language","$0.05","Tue Jul 16 10:13:02 PDT 2019","20","BatchId:3706534;OriginalHitTemplateId:928390828;","600","7200","Fri Jul 19 10:13:02 PDT 2019","","","3018Q3ZVOIQVR9YTPVAUUW3SDQSARH","A3242LKO7C4LK4","Approved","Tue Jul 16 12:00:20 PDT 2019","Tue Jul 16 12:01:46 PDT 2019","Tue Jul 16 14:01:46 PDT 2019","Tue Jul 16 12:23:27 PDT 2019","","","86","100% (1/1)","100% (1/1)","100% (1/1)","25","""I think you need more apples.""","true","false","false","false","false","true","false","false","false","false","false","true","false","25 apples over 2 days is overkill"
"3PCPFX4U40QNOF27XU2LEN8POOUQFZ","3CZ46AGKHNOAZ4QRXWKA5NQOMXYMO3","Linguistic judgments about sarcasm","Answer questions about an interaction between two people","language,irony,sarcasm,scientific study,figurative language","$0.05","Tue Jul 16 10:13:02 PDT 2019","20","BatchId:3706534;OriginalHitTemplateId:928390828;","600","7200","Fri Jul 19 10:13:02 PDT 2019","","","34QN5IT0TZRT8RLFYK71E9WAECH08T","A2PQAKZHAKROND","Approved","Tue Jul 16 17:51:18 PDT 2019","Tue Jul 16 17:52:04 PDT 2019","Tue Jul 16 19:52:04 PDT 2019","Tue Jul 16 19:52:29 PDT 2019","","","46","100% (1/1)","100% (1/1)","100% (1/1)","25","""I think you need more apples.""","true","false","false","false","false","true","false","false","false","false","true","false","false",""
"3PCPFX4U40QNOF27XU2LEN8POOUQFZ","3CZ46AGKHNOAZ4QRXWKA5NQOMXYMO3","Linguistic judgments about sarcasm","Answer questions about an interaction between two people","language,irony,sarcasm,scientific study,figurative language","$0.05","Tue Jul 16 10:13:02 PDT 2019","20","BatchId:3706534;OriginalHitTemplateId:928390828;","600","7200","Fri Jul 19 10:13:02 PDT 2019","","","358010RM5ETZGTN39P7IF13TZHZXVM","A1TWMICXERY6BY","Approved","Tue Jul 16 16:38:11 PDT 2019","Tue Jul 16 16:38:28 PDT 2019","Tue Jul 16 18:38:28 PDT 2019","Tue Jul 16 18:38:30 PDT 2019","","","17","100% (6/6)","100% (6/6)","100% (6/6)","25","""I think you need more apples.""","true","false","false","false","false","true","false","false","false","false","false","false","true",""
"3PCPFX4U40QNOF27XU2LEN8POOUQFZ","3CZ46AGKHNOAZ4QRXWKA5NQOMXYMO3","Linguistic judgments about sarcasm","Answer questions about an interaction between two people","language,irony,sarcasm,scientific study,figurative language","$0.05","Tue Jul 16 10:13:02 PDT 2019","20","BatchId:3706534;OriginalHitTemplateId:928390828;","600","7200","Fri Jul 19 10:13:02 PDT 2019","","","358UUM7WRZ3D870VISYAK512CIGR71","A3M3VYUAE03CWA","Approved","Tue Jul 16 11:34:44 PDT 2019","Tue Jul 16 11:36:25 PDT 2019","Tue Jul 16 13:36:25 PDT 2019","Tue Jul 16 13:36:33 PDT 2019","","","101","100% (6/6)","100% (6/6)","100% (6/6)","25","""I think you need more apples.""","true","false","false","false","false","true","false","false","false","false","false","true","false",""
"3PCPFX4U40QNOF27XU2LEN8POOUQFZ","3CZ46AGKHNOAZ4QRXWKA5NQOMXYMO3","Linguistic judgments about sarcasm","Answer questions about an interaction between two people","language,irony,sarcasm,scientific study,figurative language","$0.05","Tue Jul 16 10:13:02 PDT 2019","20","BatchId:3706534;OriginalHitTemplateId:928390828;","600","7200","Fri Jul 19 10:13:02 PDT 2019","","","37UEWGM5HT8ZXLLTTCH1JVAP9WR1RP","AKTPX8XVONC0D","Approved","Tue Jul 16 12:31:26 PDT 2019","Tue Jul 16 12:31:37 PDT 2019","Tue Jul 16 14:31:37 PDT 2019","Tue Jul 16 14:32:29 PDT 2019","","","11","100% (4/4)","100% (4/4)","100% (4/4)","25","""I think you need more apples.""","true","false","false","false","false","true","false","false","false","false","false","false","true",""
"3PCPFX4U40QNOF27XU2LEN8POOUQFZ","3CZ46AGKHNOAZ4QRXWKA5NQOMXYMO3","Linguistic judgments about sarcasm","Answer questions about an interaction between two people","language,irony,sarcasm,scientific study,figurative language","$0.05","Tue Jul 16 10:13:02 PDT 2019","20","BatchId:3706534;OriginalHitTemplateId:928390828;","600","7200","Fri Jul 19 10:13:02 PDT 2019","","","37UEWGM5HT8ZXLLTTCH1JVAP9WYR1M","A2VPZ840I1170W","Approved","Tue Jul 16 13:51:40 PDT 2019","Tue Jul 16 13:52:15 PDT 2019","Tue Jul 16 15:52:15 PDT 2019","Tue Jul 16 15:52:30 PDT 2019","","","35","100% (2/2)","100% (2/2)","100% (2/2)","25","""I think you need more apples.""","true","false","false","false","false","true","false","false","false","false","false","true","false",""
"3PCPFX4U40QNOF27XU2LEN8POOUQFZ","3CZ46AGKHNOAZ4QRXWKA5NQOMXYMO3","Linguistic judgments about sarcasm","Answer questions about an interaction between two people","language,irony,sarcasm,scientific study,figurative language","$0.05","Tue Jul 16 10:13:02 PDT 2019","20","BatchId:3706534;OriginalHitTemplateId:928390828;","600","7200","Fri Jul 19 10:13:02 PDT 2019","","","39U1BHVTDLR8N3C0K50F73Q4V1M3TG","A1D6WZBOMC63GW","Approved","Tue Jul 16 17:45:27 PDT 2019","Tue Jul 16 17:45:48 PDT 2019","Tue Jul 16 19:45:48 PDT 2019","Tue Jul 16 19:46:29 PDT 2019","","","21","100% (5/5)","100% (5/5)","100% (5/5)","25","""I think you need more apples.""","true","false","false","false","false","true","false","false","false","false","false","true","false",""
"3PCPFX4U40QNOF27XU2LEN8POOUQFZ","3CZ46AGKHNOAZ4QRXWKA5NQOMXYMO3","Linguistic judgments about sarcasm","Answer questions about an interaction between two people","language,irony,sarcasm,scientific study,figurative language","$0.05","Tue Jul 16 10:13:02 PDT 2019","20","BatchId:3706534;OriginalHitTemplateId:928390828;","600","7200","Fri Jul 19 10:13:02 PDT 2019","","","3FTF2T8WLRIMUM5AWJ60L00PZNE9WT","A3ODDPUS1Y354R","Approved","Tue Jul 16 17:51:02 PDT 2019","Tue Jul 16 17:51:44 PDT 2019","Tue Jul 16 19:51:44 PDT 2019","Tue Jul 16 19:52:29 PDT 2019","","","42","100% (5/5)","100% (5/5)","100% (5/5)","25","""I think you need more apples.""","true","false","false","false","false","true","false","false","false","false","false","false","true",""
"3PCPFX4U40QNOF27XU2LEN8POOUQFZ","3CZ46AGKHNOAZ4QRXWKA5NQOMXYMO3","Linguistic judgments about sarcasm","Answer questions about an interaction between two people","language,irony,sarcasm,scientific study,figurative language","$0.05","Tue Jul 16 10:13:02 PDT 2019","20","BatchId:3706534;OriginalHitTemplateId:928390828;","600","7200","Fri Jul 19 10:13:02 PDT 2019","","","3H0W84IWBK2YHMF550CGQFTJY5ZRE2","A3EC6P9YZVIR6X","Approved","Tue Jul 16 13:13:35 PDT 2019","Tue Jul 16 13:14:19 PDT 2019","Tue Jul 16 15:14:19 PDT 2019","Tue Jul 16 15:14:29 PDT 2019","","","44","100% (6/6)","100% (6/6)","100% (6/6)","25","""I think you need more apples.""","true","false","false","false","false","true","false","false","false","false","false","false","true",""
"3PCPFX4U40QNOF27XU2LEN8POOUQFZ","3CZ46AGKHNOAZ4QRXWKA5NQOMXYMO3","Linguistic judgments about sarcasm","Answer questions about an interaction between two people","language,irony,sarcasm,scientific study,figurative language","$0.05","Tue Jul 16 10:13:02 PDT 2019","20","BatchId:3706534;OriginalHitTemplateId:928390828;","600","7200","Fri Jul 19 10:13:02 PDT 2019","","","3IAEQB9FMEKYXCIR8ZB27WJFQ78WDA","A1RFZDD1LMS3IQ","Approved","Tue Jul 16 10:14:48 PDT 2019","Tue Jul 16 10:15:08 PDT 2019","Tue Jul 16 12:15:08 PDT 2019","Tue Jul 16 12:15:30 PDT 2019","","","20","100% (6/6)","100% (6/6)","100% (6/6)","25","""I think you need more apples.""","true","false","false","false","false","true","false","false","false","false","false","false","true",""
"3PCPFX4U40QNOF27XU2LEN8POOUQFZ","3CZ46AGKHNOAZ4QRXWKA5NQOMXYMO3","Linguistic judgments about sarcasm","Answer questions about an interaction between two people","language,irony,sarcasm,scientific study,figurative language","$0.05","Tue Jul 16 10:13:02 PDT 2019","20","BatchId:3706534;OriginalHitTemplateId:928390828;","600","7200","Fri Jul 19 10:13:02 PDT 2019","","","3JBT3HLQF82BG4QMOVM46UUMLSIZPK","A16UN0D2DEWTI8","Approved","Tue Jul 16 10:20:37 PDT 2019","Tue Jul 16 10:20:48 PDT 2019","Tue Jul 16 12:20:48 PDT 2019","Tue Jul 16 12:21:29 PDT 2019","","","11","100% (6/6)","100% (6/6)","100% (6/6)","25","""I think you need more apples.""","true","false","false","false","false","true","false","false","false","false","false","false","true",""
"3PCPFX4U40QNOF27XU2LEN8POOUQFZ","3CZ46AGKHNOAZ4QRXWKA5NQOMXYMO3","Linguistic judgments about sarcasm","Answer questions about an interaction between two people","language,irony,sarcasm,scientific study,figurative language","$0.05","Tue Jul 16 10:13:02 PDT 2019","20","BatchId:3706534;OriginalHitTemplateId:928390828;","600","7200","Fri Jul 19 10:13:02 PDT 2019","","","3K4J6M3CXET42JPF9KGIVSPLBGSAGU","A1VA5PON4OHGYA","Approved","Tue Jul 16 10:31:40 PDT 2019","Tue Jul 16 10:33:04 PDT 2019","Tue Jul 16 12:33:04 PDT 2019","Tue Jul 16 12:33:29 PDT 2019","","","84","100% (1/1)","100% (1/1)","100% (1/1)","25","""I think you need more apples.""","true","false","false","false","false","true","false","false","false","false","true","false","false",""
"3PCPFX4U40QNOF27XU2LEN8POOUQFZ","3CZ46AGKHNOAZ4QRXWKA5NQOMXYMO3","Linguistic judgments about sarcasm","Answer questions about an interaction between two people","language,irony,sarcasm,scientific study,figurative language","$0.05","Tue Jul 16 10:13:02 PDT 2019","20","BatchId:3706534;OriginalHitTemplateId:928390828;","600","7200","Fri Jul 19 10:13:02 PDT 2019","","","3LYA37P8IQNENFQQ5P1TOV1K0F8BK7","AB7FCO8X423HV","Approved","Tue Jul 16 11:22:43 PDT 2019","Tue Jul 16 11:23:31 PDT 2019","Tue Jul 16 13:23:31 PDT 2019","Tue Jul 16 13:24:29 PDT 2019","","","48","100% (6/6)","100% (6/6)","100% (6/6)","25","""I think you need more apples.""","true","false","false","false","false","true","false","false","false","false","true","false","false",""
"3PCPFX4U40QNOF27XU2LEN8POOUQFZ","3CZ46AGKHNOAZ4QRXWKA5NQOMXYMO3","Linguistic judgments about sarcasm","Answer questions about an interaction between two people","language,irony,sarcasm,scientific study,figurative language","$0.05","Tue Jul 16 10:13:02 PDT 2019","20","BatchId:3706534;OriginalHitTemplateId:928390828;","600","7200","Fri Jul 19 10:13:02 PDT 2019","","","3MAOD8E57QAM8OEU7YLR5K9GDDZNXV","A1528OAWHM4MJS","Approved","Tue Jul 16 11:19:46 PDT 2019","Tue Jul 16 11:23:02 PDT 2019","Tue Jul 16 13:23:02 PDT 2019","Tue Jul 16 13:23:30 PDT 2019","","","196","100% (1/1)","100% (1/1)","100% (1/1)","25","""I think you need more apples.""","true","false","false","false","false","true","false","false","false","false","false","true","false",""
"3PCPFX4U40QNOF27XU2LEN8POOUQFZ","3CZ46AGKHNOAZ4QRXWKA5NQOMXYMO3","Linguistic judgments about sarcasm","Answer questions about an interaction between two people","language,irony,sarcasm,scientific study,figurative language","$0.05","Tue Jul 16 10:13:02 PDT 2019","20","BatchId:3706534;OriginalHitTemplateId:928390828;","600","7200","Fri Jul 19 10:13:02 PDT 2019","","","3R9WASFE2ZGZPR1SASQZU0GIJNEFZI","A2EJOI2VIRMIR","Approved","Tue Jul 16 11:25:02 PDT 2019","Tue Jul 16 11:25:38 PDT 2019","Tue Jul 16 13:25:38 PDT 2019","Tue Jul 16 13:26:29 PDT 2019","","","36","100% (6/6)","100% (6/6)","100% (6/6)","25","""I think you need more apples.""","true","false","false","false","false","true","false","false","false","false","false","false","true",""
"3PCPFX4U40QNOF27XU2LEN8POOUQFZ","3CZ46AGKHNOAZ4QRXWKA5NQOMXYMO3","Linguistic judgments about sarcasm","Answer questions about an interaction between two people","language,irony,sarcasm,scientific study,figurative language","$0.05","Tue Jul 16 10:13:02 PDT 2019","20","BatchId:3706534;OriginalHitTemplateId:928390828;","600","7200","Fri Jul 19 10:13:02 PDT 2019","","","3SKRO2GZ71RDAH8Y3S84IJOBE4M1KL","A1TKLF1NJOEN3C","Approved","Tue Jul 16 11:30:41 PDT 2019","Tue Jul 16 11:31:02 PDT 2019","Tue Jul 16 13:31:02 PDT 2019","Tue Jul 16 13:31:29 PDT 2019","","","21","100% (6/6)","100% (6/6)","100% (6/6)","25","""I think you need more apples.""","true","false","false","false","false","true","false","false","false","false","false","false","true",""
"3PCPFX4U40QNOF27XU2LEN8POOUQFZ","3CZ46AGKHNOAZ4QRXWKA5NQOMXYMO3","Linguistic judgments about sarcasm","Answer questions about an interaction between two people","language,irony,sarcasm,scientific study,figurative language","$0.05","Tue Jul 16 10:13:02 PDT 2019","20","BatchId:3706534;OriginalHitTemplateId:928390828;","600","7200","Fri Jul 19 10:13:02 PDT 2019","","","3SLE99ER0ND9CAPC5Q43BAPX4OEZBA","A32IH90XD0CKFF","Approved","Tue Jul 16 11:03:02 PDT 2019","Tue Jul 16 11:03:27 PDT 2019","Tue Jul 16 13:03:27 PDT 2019","Tue Jul 16 13:03:30 PDT 2019","","","25","100% (6/6)","100% (6/6)","100% (6/6)","25","""I think you need more apples.""","true","false","false","false","false","true","false","false","false","false","false","true","false",""
"3PCPFX4U40QNOF27XU2LEN8POOUQFZ","3CZ46AGKHNOAZ4QRXWKA5NQOMXYMO3","Linguistic judgments about sarcasm","Answer questions about an interaction between two people","language,irony,sarcasm,scientific study,figurative language","$0.05","Tue Jul 16 10:13:02 PDT 2019","20","BatchId:3706534;OriginalHitTemplateId:928390828;","600","7200","Fri Jul 19 10:13:02 PDT 2019","","","3T111IHZ5EQHMQOOXPWUY1S878FR9O","AA0FF7MPGLUL","Approved","Tue Jul 16 12:38:07 PDT 2019","Tue Jul 16 12:38:22 PDT 2019","Tue Jul 16 14:38:22 PDT 2019","Tue Jul 16 14:38:30 PDT 2019","","","15","100% (6/6)","100% (6/6)","100% (6/6)","25","""I think you need more apples.""","true","false","false","false","false","true","false","false","false","true","false","false","false",""
"3PCPFX4U40QNOF27XU2LEN8POOUQFZ","3CZ46AGKHNOAZ4QRXWKA5NQOMXYMO3","Linguistic judgments about sarcasm","Answer questions about an interaction between two people","language,irony,sarcasm,scientific study,figurative language","$0.05","Tue Jul 16 10:13:02 PDT 2019","20","BatchId:3706534;OriginalHitTemplateId:928390828;","600","7200","Fri Jul 19 10:13:02 PDT 2019","","","3VBEN272MKZ82FB9QK29GSJRXM2GSZ","A2JLM0AG2F35W2","Approved","Tue Jul 16 10:46:20 PDT 2019","Tue Jul 16 10:46:59 PDT 2019","Tue Jul 16 12:46:59 PDT 2019","Tue Jul 16 12:47:29 PDT 2019","","","39","100% (6/6)","100% (6/6)","100% (6/6)","25","""I think you need more apples.""","true","false","false","false","false","true","false","false","false","false","false","false","true",""
"3PCPFX4U40QNOF27XU2LEN8POOUQFZ","3CZ46AGKHNOAZ4QRXWKA5NQOMXYMO3","Linguistic judgments about sarcasm","Answer questions about an interaction between two people","language,irony,sarcasm,scientific study,figurative language","$0.05","Tue Jul 16 10:13:02 PDT 2019","20","BatchId:3706534;OriginalHitTemplateId:928390828;","600","7200","Fri Jul 19 10:13:02 PDT 2019","","","3WJ1OXY92AGP94JXQM4U3F8NNX9A88","A6JUD4NCQCDWG","Approved","Tue Jul 16 10:16:02 PDT 2019","Tue Jul 16 10:16:37 PDT 2019","Tue Jul 16 12:16:37 PDT 2019","Tue Jul 16 10:49:52 PDT 2019","","","35","100% (1/1)","100% (1/1)","100% (1/1)","25","""I think you need more apples.""","true","false","false","false","false","true","false","false","false","true","false","false","false","25 Apples is alot already"